player,team,Goals,NP_Goals,xG,NPxG,Assists,xA,mins,shots,chances_created,xThreat,xG90,NPxG90,xG_per_shot,xA90,xT90,xGI90,np_resid,shots90,nineties,rank_xGI90,rank_NPxG90,rank_xA90,rank_xT90,rank_shots90,rank_xG_per_shot,pct_xGI90,qualified
J. Bal,ADO Den Haag,8,8,7.77525455504656,7.77525455504656,5,3.33158402331174,1332,41,25,-0.011,0.525355037503146,0.525355037503146,0.189640355001136,0.225107028602145,-0.000743243243243243,0.750462066105291,0.22474544495343984,2.77027027027027,14.8,3.0,7.0,31.0,341.0,35.0,20.0,99.4,True
E. Rottier,ADO Den Haag,9,9,9.08695166185498,9.08695166185498,7,6.78153514862061,2685,53,58,0.82,0.304590558497932,0.304590558497932,0.171451918148207,0.227314027328065,0.0274860335195531,0.531904585825997,-0.0869516618549806,1.776536312849162,29.833333333333332,33.0,45.0,27.0,299.0,99.0,38.0,91.0,True
L. Reischl,ADO Den Haag,10,10,10.0288538821042,10.0288538821042,1,1.35104042850435,2082,82,16,-0.429,0.433523943030439,0.433523943030439,0.122303096123222,0.0584023239987472,-0.0185446685878963,0.4919262670291862,-0.028853882104199258,3.5446685878962536,23.133333333333333,47.0,15.0,234.0,354.0,7.0,99.0,87.0,True
N. Thomas,ADO Den Haag,4,4,3.13284760341048,3.13284760341048,5,2.0975286886096,1037,34,11,0.879,0.271896127586252,0.271896127586252,0.0921425765708964,0.182042026976725,0.0762873674059788,0.453938154562977,0.8671523965895198,2.9508196721311477,11.522222222222222,53.0,58.0,64.0,127.0,27.0,185.0,85.3,True
C. Peupion,ADO Den Haag,7,7,7.89557706192136,7.89557706192136,2,2.65654164180159,2214,93,26,2.25,0.320958417151275,0.320958417151275,0.0848986780851759,0.107989497634211,0.0914634146341464,0.428947914785486,-0.8955770619213599,3.7804878048780486,24.6,64.0,37.0,158.0,95.0,4.0,212.0,82.2,True
J. Vlak,ADO Den Haag,11,9,9.86174620956183,7.49174620956184,6,5.04155503772198,3034,74,53,4.792,0.292536967323851,0.222233737264524,0.133266840669754,0.149551731507903,0.142148978246539,0.371785468772427,1.50825379043816,2.1951219512195124,33.71111111111111,92.0,85.0,105.0,25.0,71.0,79.0,74.3,True
D. van Mieghem,ADO Den Haag,7,7,3.22379296362399,2.43379296362399,8,5.0186910405755,1809,47,42,3.998,0.160387709633034,0.12108422704597,0.0685913396515743,0.249686121421667,0.198905472636816,0.370770348467637,4.56620703637601,2.3383084577114426,20.1,94.0,153.0,19.0,7.0,66.0,268.0,73.7,True
I. de Ruijter,ADO Den Haag,2,2,2.92583930492401,2.92583930492401,1,2.65749923884869,1397,25,32,2.251,0.188493584426028,0.188493584426028,0.117033572196961,0.171206107012442,0.145017895490336,0.35969969143847,-0.9258393049240099,1.6105941302791698,15.522222222222222,100.0,100.0,82.0,21.0,116.0,118.0,72.0,True
M. Hokke,ADO Den Haag,1,1,2.89971060492098,2.89971060492098,4,4.69704174995422,2093,33,24,4.06,0.124688941444285,0.124688941444285,0.0878700183309389,0.201975039415136,0.174581939799331,0.326663980859421,-1.8997106049209802,1.4190157668418537,23.255555555555556,121.0,149.0,51.0,9.0,132.0,199.0,66.1,True
J. Kilo,ADO Den Haag,4,4,4.31723336130381,4.31723336130381,9,7.61204865388572,3298,41,68,4.134,0.117814130538915,0.117814130538915,0.105298374665947,0.207727222210344,0.112813826561552,0.325541352749259,-0.31723336130380986,1.1188599151000607,36.644444444444446,123.0,157.0,42.0,53.0,169.0,149.0,65.5,True
M. Jiménez,ADO Den Haag,1,1,1.4489197358489,1.4489197358489,3,2.64325389824807,1152,25,34,1.284,0.113196854363195,0.113196854363195,0.0579567894339559,0.206504210800631,0.1003125,0.319701065163826,-0.4489197358489001,1.953125,12.8,125.0,164.0,45.0,80.0,88.0,299.0,65.0,True
S. van der Sloot,ADO Den Haag,8,8,6.02439359202981,6.02439359202981,2,4.26965511031448,3264,34,38,5.745,0.166113793897881,0.166113793897881,0.177188046824406,0.117729460762348,0.158409926470588,0.28384325466022897,1.97560640797019,0.9375,36.266666666666666,142.0,118.0,142.0,15.0,192.0,31.0,60.2,True
D. Tomas,ADO Den Haag,5,5,3.58301724120975,3.58301724120975,2,0.958311229944229,1456,23,8,1.449,0.221477714085768,0.221477714085768,0.155783358313467,0.0592362710817175,0.0895673076923077,0.28071398516748547,1.4169827587902502,1.4217032967032968,16.177777777777777,146.0,86.0,232.0,100.0,131.0,54.0,59.0,True
S. Sylla,ADO Den Haag,2,2,2.75969894975424,2.75969894975424,2,2.03142295591534,2416,37,21,3.294,0.102803354916342,0.102803354916342,0.074586458101466,0.075673868390886,0.122706953642384,0.17847722330722798,-0.7596989497542399,1.3783112582781456,26.844444444444445,201.0,175.0,212.0,41.0,141.0,243.0,43.5,True
M. Waem,ADO Den Haag,3,3,4.04546525701881,4.04546525701881,3,2.06116104871034,3199,35,16,3.115,0.113814277315315,0.113814277315315,0.115584721629109,0.0579882758311756,0.087636761487965,0.1718025531464906,-1.0454652570188099,0.9846827133479212,35.544444444444444,204.0,162.0,236.0,107.0,186.0,121.0,42.7,True
M. Kreekels,ADO Den Haag,0,0,0.34106720611453,0.34106720611453,2,0.939859848469496,1121,7,10,1.116,0.0273827373330131,0.0273827373330131,0.04872388658779,0.0754570797165518,0.0895985727029438,0.10283981704956491,-0.34106720611453,0.5619982158786797,12.455555555555556,257.0,294.0,214.0,99.0,252.0,323.0,27.7,True
P. Mulder,ADO Den Haag,0,0,0.497165571898221,0.497165571898221,0,0.389138724654913,925,7,5,0.656,0.048372866454962,0.048372866454962,0.0710236531283173,0.0378621461826402,0.063827027027027,0.08623501263760219,-0.497165571898221,0.681081081081081,10.277777777777779,269.0,250.0,274.0,166.0,227.0,261.0,24.3,True
K. Nikièma,ADO Den Haag,0,0,0.0,0.0,0,0.0857033357024193,3419,0,1,1.359,0.0,0.0,,0.00225601059175716,0.035773618016964,0.00225601059175716,0.0,0.0,37.98888888888889,347.0,331.0,346.0,275.0,331.0,,2.3,True
W. Bouziane,AZ II,4,4,4.03737774863839,4.03737774863839,3,5.14068279787898,1336,41,44,3.502,0.271979039953185,0.271979039953185,0.0984726280155706,0.346303481893045,0.235913173652695,0.61828252184623,-0.03737774863838972,2.7619760479041915,14.844444444444445,14.0,57.0,3.0,3.0,36.0,169.0,96.3,True
S. van Duijn,AZ II,9,7,10.109598724097,8.52959872409701,1,2.01285611838102,1940,57,18,-0.165,0.469002002664294,0.395703033592129,0.177361381124509,0.0933799230176762,-0.00765463917525773,0.48908295660980516,-1.52959872409701,2.6443298969072164,21.555555555555557,48.0,24.0,178.0,350.0,44.0,30.0,86.7,True
J. Oerip,AZ II,1,1,2.2527123838663,2.2527123838663,4,2.15275592543184,925,26,22,1.04,0.219182826538343,0.219182826538343,0.0866427839948579,0.20945733328526,0.101189189189189,0.42864015982360304,-1.2527123838663,2.5297297297297296,10.277777777777779,65.0,87.0,41.0,78.0,50.0,204.0,81.9,True
J. Hartog,AZ II,8,8,5.86435802653431,5.86435802653431,3,1.84505251049996,1706,73,16,0.327,0.309374104565116,0.309374104565116,0.0803336715963604,0.0973357127461878,0.0172508792497069,0.4067098173113038,2.13564197346569,3.851113716295428,18.955555555555556,73.0,41.0,173.0,323.0,1.0,227.0,79.7,True
K. Boogaard,AZ II,4,4,2.79731073230505,2.79731073230505,8,4.44459507986903,1973,37,41,0.967,0.127601604616044,0.127601604616044,0.0756029927650013,0.202743820166352,0.0441104916371009,0.33034542478239604,1.20268926769495,1.6877850988342626,21.92222222222222,114.0,146.0,50.0,242.0,108.0,239.0,68.1,True
Y. van den Ban,AZ II,7,6,4.98423353672028,4.19423353672028,2,2.20675287768244,1748,26,18,0.425,0.256625296513058,0.21595023930482,0.191701289873857,0.113619999423009,0.0218821510297483,0.329570238727829,1.8057664632797197,1.3386727688787186,19.42222222222222,117.0,89.0,147.0,309.0,145.0,18.0,67.2,True
K. Toppenberg,AZ II,4,4,4.13422845304013,4.13422845304013,3,3.05346256308258,2048,46,31,1.029,0.18167996131524,0.18167996131524,0.0898745315878289,0.134185366541715,0.0452197265625,0.315865327856955,-0.1342284530401301,2.021484375,22.755555555555556,128.0,104.0,117.0,235.0,82.0,197.0,64.1,True
A. Smits,AZ II,2,2,1.69092732667923,1.69092732667923,4,1.63904904574156,1082,10,17,0.492,0.140650147320823,0.140650147320823,0.169092732667923,0.136334948351886,0.0409242144177449,0.276985095672709,0.30907267332077004,0.8317929759704251,12.022222222222222,147.0,133.0,114.0,255.0,205.0,42.0,58.8,True
R. Robbemond,AZ II,1,1,1.81099159643054,1.81099159643054,3,1.37560224905611,1471,16,15,0.308,0.110801661236403,0.110801661236403,0.113186974776909,0.0841632919204962,0.018844323589395,0.1949649531568992,-0.8109915964305401,0.9789259007477906,16.344444444444445,195.0,166.0,197.0,317.0,187.0,131.0,45.2,True
B. Budko,AZ II,1,1,1.01772036962211,1.01772036962211,1,1.17227724939585,1177,12,10,0.589,0.0778205890110366,0.0778205890110366,0.0848100308018426,0.0896388720863437,0.0450382327952421,0.1674594610973803,-0.017720369622109988,0.9175870858113849,13.077777777777778,206.0,206.0,183.0,236.0,196.0,213.0,42.1,True
J. Zwart,AZ II,1,1,0.732072308659553,0.732072308659553,1,2.10057416930794,2135,10,19,1.924,0.0308601909973582,0.0308601909973582,0.0732072308659553,0.0885487940223489,0.0811053864168618,0.11940898501970709,0.267927691340447,0.4215456674473068,23.72222222222222,242.0,286.0,186.0,117.0,285.0,253.0,31.9,True
F. Elkjær,AZ II,1,1,0.295865435153246,0.295865435153246,1,0.909290030598641,955,4,9,0.611,0.0278826064542326,0.0278826064542326,0.0739663587883116,0.0856922541925421,0.0575811518324607,0.1135748606467747,0.7041345648467541,0.3769633507853403,10.61111111111111,247.0,293.0,194.0,186.0,294.0,244.0,30.5,True
N. Twisk,AZ II,0,0,1.41376353055239,1.41376353055239,1,1.78273703902961,2812,13,22,1.943,0.0452484771513923,0.0452484771513923,0.108751040811722,0.0570577288451868,0.0621870554765292,0.1023062059965791,-1.41376353055239,0.4160739687055477,31.244444444444444,258.0,259.0,240.0,169.0,286.0,140.0,27.4,True
M. Menu,AZ II,1,1,1.3499518968165,1.3499518968165,1,0.971190750598908,2348,13,13,3.08,0.0517443231318078,0.0517443231318078,0.103842453601269,0.0372262212750859,0.118057921635434,0.0889705444068937,-0.3499518968165001,0.49829642248722317,26.08888888888889,264.0,239.0,275.0,47.0,264.0,155.0,25.7,True
B. van Duijl,AZ II,0,0,0.624665703624487,0.624665703624487,2,1.32098365575075,2262,12,13,3.053,0.0248540730885074,0.0248540730885074,0.0520554753020406,0.0525590313959184,0.121472148541114,0.0774131044844258,-0.624665703624487,0.4774535809018568,25.133333333333333,282.0,299.0,249.0,43.0,269.0,317.0,20.6,True
A. Natali,AZ II,0,0,0.22368985414505,0.22368985414505,1,0.32618997618556,947,5,4,0.737,0.021258803456235,0.021258803456235,0.04473797082901,0.031000103333369,0.0700422386483632,0.052258906789604,-0.22368985414505,0.47518479408658926,10.522222222222222,308.0,303.0,288.0,151.0,270.0,325.0,13.3,True
M. Dekker,AZ II,0,0,0.0894722416996956,0.0894722416996956,0,0.475385095924139,1071,1,3,1.235,0.00751867577308366,0.00751867577308366,0.0894722416996956,0.0399483273885831,0.103781512605042,0.047467003161666764,-0.0894722416996956,0.08403361344537814,11.9,312.0,326.0,270.0,71.0,327.0,198.0,12.1,True
J. Esajas,AZ II,0,0,0.104495212435722,0.104495212435722,0,0.293627794831991,1233,1,6,0.544,0.0076273877690308,0.0076273877690308,0.104495212435722,0.0214326857541599,0.0397080291970803,0.0290600735231907,-0.104495212435722,0.07299270072992702,13.7,325.0,325.0,305.0,261.0,328.0,152.0,8.5,True
K. Zeggen,AZ II,0,0,0.0,0.0,0,0.141007136553526,1929,0,2,0.655,0.0,0.0,,0.00657887106781614,0.0305598755832037,0.00657887106781614,0.0,0.0,21.433333333333334,338.0,331.0,335.0,292.0,331.0,,4.8,True
P. Nash,Ajax II,2,2,3.4855253957212,3.4855253957212,3,2.06115652620792,930,19,13,0.468,0.337308909263342,0.337308909263342,0.183448705037958,0.199466760600766,0.0452903225806452,0.536775669864108,-1.4855253957211998,1.8387096774193548,10.333333333333334,31.0,35.0,52.0,234.0,93.0,24.0,91.5,True
D. O'Niel,Ajax II,8,7,7.8652496011555,7.0752496011555,5,4.62948307767511,2978,84,45,1.752,0.23770062595836,0.213825542009401,0.0936339238232798,0.139910502683264,0.0529482874412357,0.35373604469266495,-0.07524960115549995,2.538616521155138,33.08888888888889,104.0,91.0,109.0,200.0,47.0,181.0,70.9,True
D. Konadu,Ajax II,3,2,5.08134950503707,3.50134950503707,2,1.20663451775908,1251,22,14,-0.012,0.365564712592595,0.251895647844394,0.23097043204714,0.0868082386877036,-0.000863309352517986,0.3387038865320976,-1.5013495050370702,1.5827338129496402,13.9,113.0,69.0,193.0,342.0,119.0,6.0,68.4,True
K. Wolff,Ajax II,5,5,3.5648245215416,3.5648245215416,2,1.947556886822,1617,39,25,0.717,0.198413238675785,0.198413238675785,0.0914057569626051,0.108398342494731,0.0399072356215213,0.306811581170516,1.4351754784584,2.1706864564007424,17.966666666666665,132.0,95.0,157.0,260.0,73.0,192.0,63.0,True
A. Ouazane,Ajax II,4,4,2.96841562911868,2.96841562911868,5,2.19291334226727,1556,34,22,1.028,0.171694991401466,0.171694991401466,0.0873063420329024,0.126839460670986,0.0594601542416452,0.298534452072452,1.03158437088132,1.9665809768637534,17.288888888888888,135.0,109.0,130.0,177.0,86.0,201.0,62.1,True
S. Vink,Ajax II,6,6,4.29893480986358,4.29893480986358,2,2.48556131310761,2050,35,24,0.321,0.188733723359865,0.188733723359865,0.122826708853245,0.10912220399009,0.0140926829268293,0.297855927349955,1.7010651901364202,1.5365853658536586,22.77777777777778,136.0,99.0,156.0,328.0,120.0,97.0,61.9,True
M. Abdalla,Ajax II,1,1,1.48745276778938,1.48745276778938,2,0.757089525461197,959,12,9,0.401,0.139594107508909,0.139594107508909,0.123954397315781,0.0710511546313949,0.0376329509906152,0.21064526214030388,-0.48745276778938007,1.1261730969760166,10.655555555555555,180.0,134.0,218.0,268.0,167.0,96.0,49.4,True
N. Chourak,Ajax II,2,2,1.16946796700358,1.16946796700358,1,0.877129822969437,908,16,8,0.623,0.115916428447491,0.115916428447491,0.0730917479377237,0.0869401806908032,0.0617511013215859,0.2028566091382942,0.8305320329964201,1.5859030837004406,10.088888888888889,185.0,161.0,192.0,170.0,118.0,254.0,48.0,True
L. Jetten,Ajax II,1,1,0.854223523288965,0.854223523288965,2,2.1175583563745,1836,5,23,1.451,0.0418737021220081,0.0418737021220081,0.170844704657793,0.103801880214436,0.0711274509803922,0.1456755823364441,0.145776476711035,0.2450980392156863,20.4,224.0,263.0,164.0,145.0,310.0,40.0,37.0,True
T. Peters,Ajax II,2,2,1.55771506205201,1.55771506205201,3,2.25349249318242,2371,18,25,0.986,0.0591287876780603,0.0591287876780603,0.0865397256695561,0.0855395716518,0.0374272458878111,0.1446683593298603,0.44228493794799006,0.6832560101223113,26.344444444444445,226.0,225.0,195.0,270.0,226.0,205.0,36.4,True
A. Appiah,Ajax II,0,0,0.916382282972335,0.916382282972335,2,1.81678755022585,2816,16,14,1.665,0.0292877860324965,0.0292877860324965,0.0572738926857709,0.0580649430114796,0.0532137784090909,0.0873527290439761,-0.916382282972335,0.5113636363636364,31.288888888888888,267.0,289.0,235.0,198.0,259.0,302.0,24.9,True
J. Johnson,Ajax II,0,0,0.674124266952276,0.674124266952276,2,1.50372726283967,2346,13,13,1.295,0.0258615447679901,0.0258615447679901,0.0518557128424828,0.0576877466562535,0.0496803069053708,0.0835492914242436,-0.674124266952276,0.49872122762148335,26.066666666666666,272.0,296.0,238.0,214.0,263.0,318.0,23.4,True
M. van der Lans,Ajax II,0,0,0.231290560215712,0.231290560215712,1,0.676632784307003,1865,3,7,0.725,0.011161474755718,0.011161474755718,0.0770968534052373,0.0326525204223219,0.0349865951742627,0.0438139951780399,-0.231290560215712,0.1447721179624665,20.72222222222222,318.0,320.0,283.0,276.0,322.0,236.0,10.5,True
E. Butera,Ajax II,0,0,0.115589782595634,0.115589782595634,0,0.596684493124485,1872,2,5,1.553,0.00555720108632856,0.00555720108632856,0.057794891297817,0.0286867544771387,0.0746634615384615,0.03424395556346726,-0.115589782595634,0.09615384615384615,20.8,324.0,328.0,292.0,133.0,325.0,300.0,8.8,True
P. Reverson,Ajax II,0,0,0.0,0.0,0,0.349990718066692,1515,0,2,0.765,0.0,0.0,,0.0207915278059421,0.0454455445544554,0.0207915278059421,0.0,0.0,16.833333333333332,328.0,331.0,309.0,232.0,331.0,,7.6,True
M. Muzungu,Ajax II,0,0,0.277347896248102,0.277347896248102,0,0.163716342300177,2135,4,3,1.215,0.0116914804039013,0.0116914804039013,0.0693369740620255,0.00690139147869599,0.0512177985948478,0.01859287188259729,-0.277347896248102,0.1686182669789227,23.72222222222222,332.0,317.0,330.0,207.0,319.0,266.0,6.5,True
J. Heerkens,Ajax II,0,0,0.0,0.0,0,0.0,1722,0,0,0.375,0.0,0.0,,0.0,0.0195993031358885,0.0,0.0,0.0,19.133333333333333,352.0,331.0,351.0,313.0,331.0,,0.8,True
O. de Nijs,Almere City FC,5,5,4.42041467875242,4.42041467875242,1,1.83397540077568,934,25,12,0.67,0.425950022577856,0.425950022577856,0.176816587150097,0.176721398361682,0.0645610278372591,0.6026714209395381,0.5795853212475803,2.4089935760171306,10.377777777777778,17.0,18.0,74.0,163.0,59.0,32.0,95.5,True
J. Rijkhoff,Almere City FC,16,16,12.7427616678177,12.7427616678177,2,4.11651242524386,2814,76,30,1.024,0.40755101282999,0.40755101282999,0.167667916681812,0.13165817991185,0.0327505330490405,0.53920919274184,3.2572383321823004,2.4307036247334755,31.266666666666666,30.0,23.0,123.0,282.0,56.0,43.0,91.8,True
F. Druijf,Almere City FC,13,11,12.3475693845004,9.97756938450037,3,2.92820042744279,2202,73,26,0.61,0.504669048412823,0.407802563399198,0.169144786089047,0.119681216380496,0.0249318801089918,0.5274837797796941,1.0224306154996299,2.983651226158038,24.466666666666665,34.0,22.0,140.0,305.0,24.0,41.0,90.7,True
J. Kadile,Almere City FC,6,6,5.73179546371102,5.73179546371102,7,3.76369513943791,1658,67,27,1.986,0.311134856293119,0.311134856293119,0.0855491860255376,0.204301907448379,0.107804583835947,0.515436763741498,0.2682045362889802,3.6369119420989144,18.42222222222222,38.0,39.0,47.0,63.0,5.0,210.0,89.5,True
E. Poku,Almere City FC,9,9,6.37859246134757,6.37859246134757,6,5.18414918333292,2295,62,39,1.21,0.25014088083716,0.25014088083716,0.102880523570122,0.20329996797384,0.0474509803921569,0.453440848811,2.62140753865243,2.4313725490196076,25.5,54.0,71.0,49.0,221.0,55.0,158.0,85.0,True
B. Burgering,Almere City FC,8,8,4.95386599190533,4.95386599190533,3,3.9080573990941,1774,60,34,1.88,0.251323528337925,0.251323528337925,0.0825644331984222,0.198266722614695,0.0953776775648252,0.44959025095261995,3.04613400809467,3.0439684329199546,19.711111111111112,58.0,70.0,53.0,87.0,21.0,219.0,83.9,True
M. de Haan,Almere City FC,4,4,4.83537890389563,4.83537890389563,7,6.49197803810238,2818,66,68,3.527,0.154430128229456,0.154430128229456,0.0732633167256913,0.207337836561112,0.11264371894961,0.361767964790568,-0.8353789038956299,2.1078779276082327,31.31111111111111,98.0,126.0,43.0,54.0,76.0,251.0,72.6,True
R. Providence,Almere City FC,1,1,2.10734076984226,2.10734076984226,2,1.99388923868537,1123,18,18,0.612,0.168887506042568,0.168887506042568,0.117074487213459,0.159795219485025,0.0490471950133571,0.32868272552759303,-1.10734076984226,1.4425645592163847,12.477777777777778,119.0,113.0,93.0,218.0,129.0,116.0,66.7,True
B. Reith,Almere City FC,1,1,1.85210231505333,1.85210231505333,4,3.72630664706229,2231,19,27,3.607,0.0747150194329001,0.0747150194329001,0.0974790692133334,0.150321648693683,0.145508740475123,0.2250366681265831,-0.85210231505333,0.7664724338861497,24.788888888888888,168.0,208.0,104.0,20.0,214.0,171.0,52.8,True
H. El Dahri,Almere City FC,0,0,0.593360951170326,0.593360951170326,4,2.28447638265789,1203,6,18,1.334,0.044391093603765,0.044391093603765,0.098893491861721,0.170908457555453,0.0998004987531172,0.215299551159218,-0.593360951170326,0.44887780548628425,13.366666666666667,178.0,260.0,84.0,82.0,280.0,167.0,50.0,True
E. Cornelisse,Almere City FC,1,1,2.62901251390577,2.62901251390577,2,1.92447665520013,1905,32,29,0.962,0.124205315617595,0.124205315617595,0.0821566410595552,0.0909201569385888,0.0454488188976378,0.2151254725561838,-1.6290125139057698,1.5118110236220472,21.166666666666668,179.0,150.0,182.0,231.0,122.0,220.0,49.7,True
T. Bijleveld,Almere City FC,3,3,0.682655099779368,0.682655099779368,1,1.43996730446815,1172,12,23,1.381,0.0524223199489276,0.0524223199489276,0.056887924981614,0.110577694029124,0.106049488054608,0.16300001397805158,2.317344900220632,0.9215017064846417,13.022222222222222,209.0,236.0,154.0,65.0,195.0,305.0,41.2,True
A. Sam,Almere City FC,2,2,1.26237238571048,1.26237238571048,1,0.778624257072806,1321,13,10,0.587,0.086005688655521,0.086005688655521,0.0971055681315754,0.0530478297778596,0.0399924299772899,0.1390535184333806,0.73762761428952,0.8856926570779713,14.677777777777777,229.0,196.0,248.0,259.0,201.0,174.0,35.6,True
J. Kalisvaart,Almere City FC,0,0,0.662768047302961,0.662768047302961,2,1.37760214880109,1488,9,14,0.244,0.0400867770546146,0.0400867770546146,0.0736408941447734,0.0833227106129692,0.014758064516129,0.1234094876675838,-0.662768047302961,0.5443548387096774,16.533333333333335,240.0,266.0,199.0,327.0,254.0,246.0,32.5,True
J. Jacobs,Almere City FC,2,2,1.11271346360445,1.11271346360445,1,1.32245419546962,2021,14,16,1.341,0.0495518118379023,0.0495518118379023,0.0794795331146036,0.0588920720397157,0.0597179614052449,0.108443883877618,0.88728653639555,0.6234537357743691,22.455555555555556,252.0,245.0,233.0,176.0,240.0,229.0,29.1,True
E. van de Blaak,Almere City FC,1,1,1.38767677545546,1.38767677545546,0,1.11838271096349,2569,15,10,1.873,0.0486146009307091,0.0486146009307091,0.0925117850303643,0.0391803985935049,0.065616971584274,0.087794999524214,-0.38767677545546,0.5254963020630595,28.544444444444444,265.0,249.0,271.0,159.0,258.0,184.0,25.4,True
J. Lawrence,Almere City FC,0,0,0.650774272158741,0.650774272158741,1,1.11473548598587,2271,11,11,2.098,0.0257902617764362,0.0257902617764362,0.0591612974689765,0.0441770998409196,0.0831439894319683,0.0699673616173558,-0.650774272158741,0.43593130779392336,25.233333333333334,289.0,297.0,263.0,111.0,282.0,296.0,18.6,True
M. Engel,Almere City FC,0,0,0.263582082465291,0.263582082465291,1,0.495524447411299,1098,4,8,1.244,0.0216050887266632,0.0216050887266632,0.0658955206163228,0.0406167579845327,0.101967213114754,0.062221846711195905,-0.263582082465291,0.3278688524590164,12.2,296.0,302.0,268.0,77.0,297.0,278.0,16.7,True
N. Takahashi,Almere City FC,0,0,0.0,0.0,0,0.570530530065298,964,0,8,0.966,0.0,0.0,,0.0532652984500797,0.0901867219917012,0.0532652984500797,0.0,0.0,10.71111111111111,306.0,331.0,247.0,98.0,331.0,,13.8,True
J. Wendlinger,Almere City FC,0,0,0.135939557105303,0.135939557105303,1,0.292150318622589,2775,2,1,1.614,0.00440885050071253,0.00440885050071253,0.0679697785526515,0.00947514546884072,0.0523459459459459,0.01388399596955325,-0.135939557105303,0.06486486486486487,30.833333333333332,335.0,329.0,326.0,202.0,329.0,270.0,5.6,True
I. Ferrah,Cambuur Leeuwarden,12,11,10.8320345999301,10.04203459993,6,6.37459249049424,2695,97,58,3.688,0.361737704635883,0.33535551539655,0.111670459793093,0.212880639756765,0.123161410018553,0.548236155153315,0.95796540007,3.239332096474954,29.944444444444443,28.0,36.0,38.0,39.0,18.0,133.0,92.4,True
J. van der Sande,Cambuur Leeuwarden,9,9,7.50655249878764,7.50655249878764,2,5.76009857654572,2315,46,29,-0.152,0.291831414639692,0.291831414639692,0.163185923886688,0.223934717878667,-0.00590928725701944,0.515766132518359,1.4934475012123603,1.7883369330453565,25.72222222222222,37.0,51.0,33.0,347.0,95.0,51.0,89.8,True
O. Sjöstrand,Cambuur Leeuwarden,10,10,7.42871475592256,7.42871475592256,6,5.21302031166852,2527,68,34,3.352,0.264576307096569,0.264576307096569,0.109245805234155,0.185663564721079,0.119382667194302,0.450239871817648,2.5712852440774396,2.4218440838939452,28.07777777777778,57.0,64.0,62.0,46.0,58.0,137.0,84.2,True
T. Rölke,Cambuur Leeuwarden,5,5,6.66504143178463,6.66504143178463,2,3.16385846212506,2012,53,26,0.731,0.29813803621303,0.29813803621303,0.125755498712918,0.141524483892274,0.0326988071570577,0.439662520105304,-1.6650414317846298,2.370775347912525,22.355555555555554,60.0,48.0,107.0,284.0,63.0,89.0,83.3,True
M. Diemers,Cambuur Leeuwarden,9,5,8.71873513683676,4.76873513683675,11,10.2464355248958,3099,74,77,3.725,0.253206247923623,0.138491823915879,0.117820745092389,0.297573151739472,0.108180058083253,0.436064975655351,0.23126486316324968,2.149080348499516,34.43333333333333,62.0,136.0,7.0,62.0,74.0,115.0,82.8,True
R. Balk,Cambuur Leeuwarden,7,7,11.395678665489,11.395678665489,4,2.88817864283919,2984,62,32,0.146,0.343703445004695,0.343703445004695,0.18380126879821,0.08710994566204,0.00440348525469169,0.430813390666735,-4.395678665488999,1.8699731903485253,33.15555555555556,63.0,32.0,191.0,337.0,91.0,22.0,82.5,True
B. Marsman,Cambuur Leeuwarden,2,2,1.62500734627247,1.62500734627247,0,0.614861469715834,904,12,8,0.591,0.161781704828012,0.161781704828012,0.135417278856039,0.061214084374364,0.0588384955752213,0.222995789202376,0.3749926537275301,1.1946902654867257,10.044444444444444,171.0,123.0,226.0,178.0,158.0,78.0,52.0,True
I. Baouf,Cambuur Leeuwarden,6,6,5.14518791995944,5.14518791995944,1,0.949854373931885,2771,28,9,1.545,0.167111841499946,0.167111841499946,0.183756711427123,0.0308505570746552,0.0501804402742692,0.1979623985746012,0.8548120800405599,0.9094189823168531,30.788888888888888,189.0,117.0,290.0,211.0,197.0,23.0,46.9,True
R. Mulders,Cambuur Leeuwarden,0,0,0.386797241866588,0.386797241866588,2,4.05184841156005,2339,7,27,2.671,0.0148831773270598,0.0148831773270598,0.055256748838084,0.155906950423431,0.102774690038478,0.1707901277504908,-0.386797241866588,0.2693458743052587,25.988888888888887,205.0,315.0,96.0,74.0,307.0,312.0,42.4,True
T. Galvez,Cambuur Leeuwarden,0,0,0.644763227552176,0.644763227552176,4,4.63286003097892,3073,10,42,4.673,0.018883400741847,0.018883400741847,0.0644763227552176,0.135684153201465,0.136859746176375,0.154567553943312,-0.644763227552176,0.292873413602343,34.144444444444446,215.0,307.0,115.0,28.0,302.0,280.0,39.5,True
J. Berkhout,Cambuur Leeuwarden,1,1,0.835886515676975,0.835886515676975,0,0.754075519740582,1211,8,3,0.819,0.0621220366729379,0.0621220366729379,0.104485814459622,0.0560419461409186,0.0608670520231214,0.1181639828138565,0.16411348432302497,0.5945499587118084,13.455555555555556,244.0,222.0,244.0,171.0,246.0,153.0,31.4,True
J. Amofa,Cambuur Leeuwarden,1,1,1.66773146763444,1.66773146763444,6,1.84312336146832,3300,8,13,2.729,0.0454835854809393,0.0454835854809393,0.208466433454305,0.0502670007673177,0.0744272727272727,0.095750586248257,-0.6677314676344399,0.2181818181818182,36.666666666666664,261.0,258.0,255.0,135.0,312.0,13.0,26.6,True
N. Souren,Cambuur Leeuwarden,2,2,1.10338176786899,1.10338176786899,0,0.588398225605488,1903,16,11,0.441,0.0521830578603306,0.0521830578603306,0.0689613604918119,0.0278275566497603,0.020856542301629,0.08001061451009091,0.8966182321310101,0.7566999474513925,21.144444444444446,276.0,237.0,295.0,312.0,215.0,267.0,22.3,True
T. Jansen,Cambuur Leeuwarden,0,0,0.0,0.0,1,0.564278848469258,3625,0,3,2.081,0.0,0.0,,0.0140096817550988,0.0516662068965517,0.0140096817550988,0.0,0.0,40.27777777777778,334.0,331.0,319.0,205.0,331.0,,5.9,True
B. Boersma,De Graafschap,11,11,12.0504350186884,11.2604350186884,2,1.73630196228623,1463,48,15,-0.0590000000000001,0.741311791990401,0.692713022338999,0.251050729556008,0.106812834316993,-0.00362952836637048,0.799525856655992,-0.26043501868839947,2.952836637047163,16.255555555555556,2.0,2.0,159.0,345.0,25.0,3.0,99.7,True
A. van der Heide,De Graafschap,4,4,3.12499445304275,3.12499445304275,4,5.07330894097686,1090,40,38,2.418,0.258027064930135,0.258027064930135,0.0781248613260687,0.418897068521025,0.199651376146789,0.67692413345116,0.87500554695725,3.302752293577982,12.11111111111111,9.0,65.0,2.0,6.0,15.0,233.0,97.7,True
N. Eggens,De Graafschap,6,6,6.12402941286565,6.12402941286565,0,0.601160023361445,950,32,6,0.201,0.580171207534641,0.580171207534641,0.191375919152052,0.0569520022131895,0.0190421052631579,0.6371232097478305,-0.12402941286565028,3.031578947368421,10.555555555555555,13.0,4.0,241.0,316.0,22.0,19.0,96.6,True
R. Niemeijer,De Graafschap,20,18,19.3867534165085,17.0167534165084,4,4.91955891624093,3329,140,48,2.834,0.524123703059707,0.460050407775835,0.138476810117918,0.133000992028142,0.0766176028837489,0.593051399803977,0.9832465834915993,3.7849203965154703,36.98888888888889,21.0,11.0,119.0,124.0,3.0,75.0,94.4,True
I. El Kadiri,De Graafschap,5,5,5.2359927315265,5.2359927315265,5,7.41571076773107,1951,71,56,5.84,0.24153733769215,0.24153733769215,0.0737463765003732,0.342088144077804,0.269400307534598,0.583625481769954,-0.23599273152650024,3.2752434648898,21.677777777777777,22.0,77.0,4.0,1.0,17.0,245.0,94.1,True
J. Simons,De Graafschap,2,2,3.13625252991914,3.13625252991914,7,4.87686684355141,1710,39,38,2.554,0.165065922627323,0.165065922627323,0.0804167315363883,0.256677202292179,0.134421052631579,0.421743124919502,-1.13625252991914,2.0526315789473686,19.0,67.0,121.0,16.0,30.0,78.0,226.0,81.4,True
F. de Jong,De Graafschap,2,2,2.69459206983447,2.69459206983447,5,4.1448188535869,1550,29,37,1.769,0.156460184700066,0.156460184700066,0.0929169679253267,0.240666901176014,0.102716129032258,0.39712708587608003,-0.6945920698344699,1.6838709677419355,17.22222222222222,79.0,125.0,21.0,75.0,110.0,182.0,78.0,True
L. Schoppema,De Graafschap,1,1,2.48103060014545,2.48103060014545,4,5.46273513138295,2084,27,34,3.009,0.107146235131042,0.107146235131042,0.0918900222276093,0.235914664982949,0.129947216890595,0.343060900113991,-1.4810306001454498,1.1660268714011517,23.155555555555555,108.0,170.0,24.0,34.0,160.0,188.0,69.8,True
O. Raterink,De Graafschap,3,3,2.48652781546116,2.48652781546116,4,3.8184278793633,1914,21,24,2.286,0.11692137063297,0.11692137063297,0.118406086450531,0.179549900283541,0.107492163009404,0.29647127091651104,0.5134721845388399,0.987460815047022,21.266666666666666,138.0,158.0,68.0,64.0,184.0,112.0,61.3,True
K. Symons,De Graafschap,1,1,1.4232378192246,1.4232378192246,2,3.50630185194314,1781,20,47,2.161,0.0719210576811982,0.0719210576811982,0.07116189096123,0.17718538274839,0.109202695115104,0.24910644042958818,-0.4232378192246,1.0106681639528354,19.788888888888888,156.0,211.0,72.0,61.0,181.0,260.0,56.2,True
N. Martens,De Graafschap,1,1,0.812081513926386,0.812081513926386,2,1.98441779799759,1079,12,12,1.585,0.067736178177363,0.067736178177363,0.0676734594938655,0.165521410398316,0.132205746061168,0.233257588575679,0.18791848607361405,1.0009267840593141,11.988888888888889,165.0,213.0,89.0,31.0,182.0,271.0,53.7,True
T. Gijselhart,De Graafschap,0,0,1.6391301099211,1.6391301099211,2,2.15667297691107,3232,23,34,2.397,0.0456440934074563,0.0456440934074563,0.0712665265183086,0.0600558687877462,0.0667481435643564,0.1056999621952025,-1.6391301099211,0.6404702970297029,35.91111111111111,254.0,255.0,228.0,156.0,234.0,259.0,28.5,True
T. Kok,De Graafschap,0,0,1.31776263564826,1.31776263564826,1,1.02362345904112,2242,18,10,1.099,0.0528985892989933,0.0528985892989933,0.073209035313792,0.0410910398366194,0.0441168599464764,0.0939896291356127,-1.31776263564826,0.7225691347011597,24.91111111111111,262.0,234.0,267.0,241.0,216.0,252.0,26.3,True
J. Meerstadt,De Graafschap,0,0,0.713746773079038,0.713746773079038,2,1.66970289871097,2593,13,18,1.931,0.024773316458586,0.024773316458586,0.0549035979291568,0.0579534365152286,0.0670227535672966,0.0827267529738146,-0.713746773079038,0.4512148091014269,28.81111111111111,274.0,300.0,237.0,155.0,277.0,313.0,22.9,True
R. Besselink,De Graafschap,1,1,1.00695556029677,1.00695556029677,3,1.39473894424736,2794,18,19,2.181,0.032435934297319,0.032435934297319,0.0559419755720428,0.0449271671375313,0.0702541159627774,0.07736310143485031,-0.006955560296769914,0.5798138869005011,31.044444444444444,284.0,281.0,262.0,150.0,250.0,310.0,20.1,True
S. Bultman,De Graafschap,1,1,1.28372303582728,1.28372303582728,1,0.183954253792762,2007,10,4,1.245,0.0575660554182636,0.0575660554182636,0.128372303582728,0.00824906967680547,0.0558295964125561,0.06581512509506907,-0.28372303582728,0.44843049327354256,22.3,291.0,229.0,327.0,190.0,281.0,87.0,18.1,True
T. Wieggers,De Graafschap,0,0,0.0,0.0,0,0.0452481918036938,3605,0,1,1.27,0.0,0.0,,0.0011296358564029,0.0317059639389736,0.0011296358564029,0.0,0.0,40.05555555555556,351.0,331.0,350.0,287.0,331.0,,1.1,True
K. Monzialo,FC Den Bosch,16,13,13.4276228396595,10.2676228396594,11,9.54939785413444,2976,65,77,5.589,0.406077303618735,0.3105127874897,0.206578812917838,0.28879227381455,0.169022177419355,0.5993050613042501,2.732377160340601,1.9657258064516128,33.06666666666667,19.0,40.0,10.0,10.0,87.0,15.0,94.9,True
S. Karlsson Grach,FC Den Bosch,3,3,5.47288826853037,5.47288826853037,1,1.58169570192695,1147,36,9,0.229,0.429433255595234,0.429433255595234,0.152024674125844,0.124108642696971,0.0179686137750654,0.553541898292205,-2.4728882685303697,2.824760244115083,12.744444444444444,27.0,17.0,134.0,321.0,29.0,59.0,92.7,True
I. Boumassaoudi,FC Den Bosch,9,8,7.28268114194274,6.49268114194274,0,2.21111439913511,1584,60,18,0.739,0.413788701246746,0.368902337610383,0.121378019032379,0.125631499950859,0.0419886363636364,0.49453383756124203,1.5073188580572596,3.4090909090909087,17.6,44.0,30.0,131.0,251.0,10.0,102.0,87.9,True
T. van Leeuwen,FC Den Bosch,5,5,6.78999469988048,6.78999469988048,5,5.14893102832138,2696,61,53,5.022,0.226668962533102,0.226668962533102,0.111311388522631,0.171885679728829,0.167648367952522,0.39855464226193105,-1.7899946998804799,2.0363501483679527,29.955555555555556,78.0,81.0,79.0,12.0,81.0,134.0,78.2,True
J. de Vries,FC Den Bosch,2,2,1.81464533880353,1.81464533880353,1,2.41775513626634,969,21,21,1.101,0.168542910724786,0.168542910724786,0.086411682800168,0.224559300582013,0.102260061919505,0.393102211306799,0.18535466119647004,1.9504643962848296,10.766666666666667,81.0,115.0,32.0,76.0,89.0,206.0,77.4,True
D. Verbeek,FC Den Bosch,1,1,1.25602908432484,1.25602908432484,2,2.42129772156477,974,10,23,2.48,0.116060182329811,0.116060182329811,0.125602908432484,0.22373387570927,0.229158110882957,0.339794058039081,-0.25602908432484006,0.9240246406570841,10.822222222222223,111.0,159.0,34.0,4.0,194.0,91.0,68.9,True
E. Semedo,FC Den Bosch,2,2,2.10208641365171,2.10208641365171,3,2.22497182711959,1527,16,18,0.995,0.123895073496171,0.123895073496171,0.131380400853232,0.131137828710388,0.0586444007858546,0.255032902206559,-0.10208641365171012,0.9430255402750493,16.966666666666665,153.0,151.0,125.0,180.0,190.0,81.0,57.1,True
Sheddy Barglan,FC Den Bosch,1,1,1.19838246703148,1.19838246703148,1,1.9157307818532,1261,7,9,1.446,0.0855308660054189,0.0855308660054189,0.171197495290211,0.136729397594598,0.103203806502776,0.2222602636000169,-0.19838246703148,0.49960348929421095,14.011111111111111,172.0,197.0,113.0,72.0,261.0,39.0,51.7,True
N. de Groot,FC Den Bosch,4,4,3.84063328430056,3.84063328430056,3,3.69791105389595,3400,17,23,2.206,0.101663822231486,0.101663822231486,0.225919604958857,0.0978858808384222,0.0583941176470588,0.1995497030699082,0.15936671569944005,0.45,37.77777777777778,187.0,178.0,170.0,184.0,279.0,9.0,47.5,True
Jeffry Fortes,FC Den Bosch,3,3,2.31983665749431,2.31983665749431,2,1.8593512326479,2654,18,17,2.748,0.0786681609549691,0.0786681609549691,0.128879814305239,0.0630526039707275,0.0931876412961567,0.1417207649256966,0.6801633425056899,0.6103993971363979,29.488888888888887,227.0,204.0,225.0,89.0,242.0,86.0,36.2,True
T. van Grunsven,FC Den Bosch,2,2,2.45350006781518,2.45350006781518,1,0.789270788431168,2246,29,6,1.454,0.0983147845518104,0.0983147845518104,0.0846034506143166,0.0316270574170993,0.0582635796972395,0.1299418419689097,-0.45350006781518015,1.16206589492431,24.955555555555556,235.0,182.0,287.0,185.0,164.0,214.0,33.9,True
M. Laros,FC Den Bosch,1,1,1.28275087103247,1.28275087103247,1,3.17961139976978,3208,25,29,3.992,0.0359873997484172,0.0359873997484172,0.0513100348412988,0.0892035617142395,0.111995012468828,0.1251909614626567,-0.28275087103247,0.7013715710723192,35.644444444444446,237.0,273.0,185.0,56.0,219.0,320.0,33.3,True
K. Felida,FC Den Bosch,4,4,1.99523252062499,1.99523252062499,3,1.55546333268284,3085,35,23,2.919,0.0582077558691245,0.0582077558691245,0.0570066434464283,0.0453781847460148,0.0851572123176661,0.1035859406151393,2.00476747937501,1.0210696920583469,34.27777777777778,255.0,227.0,261.0,109.0,180.0,303.0,28.2,True
R. Akmum,FC Den Bosch,1,1,0.81754444539547,0.81754444539547,1,0.480726517736912,1980,12,5,1.101,0.0371611111543395,0.0371611111543395,0.0681287037829558,0.0218512053516778,0.0500454545454545,0.05901231650601731,0.18245555460453,0.5454545454545454,22.0,300.0,270.0,303.0,212.0,253.0,269.0,15.5,True
S. Maas,FC Den Bosch,1,1,0.983156602829694,0.983156602829694,0,0.0955285206437111,2139,9,1,0.597,0.0413670379872242,0.0413670379872242,0.109239622536633,0.00401943284615895,0.0251192145862553,0.04538647083338315,0.01684339717030603,0.37868162692847124,23.766666666666666,316.0,264.0,340.0,304.0,293.0,138.0,11.0,True
P. van de Merbel,FC Den Bosch,0,0,0.0,0.0,0,0.197307292371988,3605,0,3,1.815,0.0,0.0,,0.00492584086365573,0.0453120665742025,0.00492584086365573,0.0,0.0,40.05555555555556,339.0,331.0,337.0,233.0,331.0,,4.5,True
N. Venema,FC Dordrecht,9,9,9.19533413462342,9.19533413462342,5,6.89784249663352,2220,64,47,2.714,0.372783816268517,0.372783816268517,0.143677095853491,0.279642263377035,0.110027027027027,0.652426079645552,-0.19533413462342075,2.5945945945945943,24.666666666666668,11.0,28.0,13.0,59.0,46.0,69.0,97.2,True
Y. Eduardo,FC Dordrecht,11,9,10.2538929674029,8.67389296740294,4,4.80961669236422,1890,51,34,0.269,0.488280617495376,0.413042522257283,0.201056724851037,0.229029366303058,0.0128095238095238,0.642071888560341,0.32610703259705964,2.4285714285714284,21.0,12.0,20.0,25.0,330.0,57.0,16.0,96.9,True
M. Afaker,FC Dordrecht,1,1,3.47591755911708,3.47591755911708,2,2.88974905759096,1026,32,21,0.925,0.304905049045358,0.304905049045358,0.108622423722409,0.253486759437804,0.081140350877193,0.558391808483162,-2.47591755911708,2.807017543859649,11.4,24.0,44.0,18.0,116.0,30.0,141.0,93.5,True
J. van der Sluijs,FC Dordrecht,3,3,3.96472427621484,3.96472427621484,2,2.99238898977637,1224,44,28,0.056,0.291523843839326,0.291523843839326,0.0901073699139736,0.220028602189439,0.00411764705882353,0.511552446028765,-0.9647242762148398,3.235294117647059,13.6,41.0,52.0,35.0,339.0,19.0,195.0,88.7,True
N. Rossi,FC Dordrecht,0,0,2.68753627687692,2.68753627687692,4,3.74558020755649,1424,44,28,2.472,0.169858332105985,0.169858332105985,0.0610803699290209,0.236729086151744,0.15623595505618,0.40658741825772904,-2.68753627687692,2.7808988764044944,15.822222222222223,74.0,112.0,23.0,16.0,33.0,287.0,79.4,True
S. Carrillo,FC Dordrecht,4,4,5.96680415794253,5.96680415794253,0,0.339718326926231,1452,55,8,-0.22,0.369843232930322,0.369843232930322,0.108487348326228,0.0210569210904689,-0.0136363636363636,0.3909001540207909,-1.96680415794253,3.409090909090909,16.133333333333333,82.0,29.0,307.0,352.0,9.0,143.0,77.1,True
Yoon Do-Young,FC Dordrecht,1,1,2.50627839192747,2.50627839192747,3,2.25645619258285,1121,21,24,0.567,0.201217712108361,0.201217712108361,0.119346590091784,0.181160622062851,0.0455218554861731,0.38237833417121203,-1.50627839192747,1.6859946476360392,12.455555555555556,87.0,93.0,65.0,229.0,109.0,108.0,75.7,True
A. Darelas,FC Dordrecht,2,2,3.52637948095798,3.52637948095798,0,1.05813746154308,1168,24,5,0.273,0.271724446306694,0.271724446306694,0.146932478373249,0.0815345646736962,0.0210359589041096,0.3532590109803902,-1.52637948095798,1.8493150684931507,12.977777777777778,105.0,59.0,201.0,311.0,92.0,64.0,70.6,True
R. van Asten,FC Dordrecht,1,1,2.6292216554284,2.6292216554284,0,0.696018800139427,1426,23,6,0.276,0.165939655672199,0.165939655672199,0.114313985018626,0.0439282552682668,0.0174193548387097,0.2098679109404658,-1.6292216554283998,1.4516129032258065,15.844444444444445,181.0,119.0,264.0,322.0,128.0,126.0,49.2,True
L. Sunderland,FC Dordrecht,1,1,2.65341082960368,2.65341082960368,1,1.70282553881407,1892,29,20,1.517,0.126219331217934,0.126219331217934,0.0914969251587475,0.0810012148484494,0.072161733615222,0.2072205460663834,-1.65341082960368,1.379492600422833,21.022222222222222,182.0,148.0,202.0,139.0,140.0,191.0,48.9,True
J. van Aken,FC Dordrecht,2,2,1.30292810685933,1.30292810685933,2,2.56331318244338,1765,16,17,1.5,0.0664382604064248,0.0664382604064248,0.0814330066787081,0.130707187773317,0.0764872521246459,0.19714544817974178,0.6970718931406701,0.8158640226628895,19.61111111111111,190.0,215.0,126.0,125.0,208.0,221.0,46.6,True
D. van Vianen,FC Dordrecht,1,1,1.07152524217963,1.07152524217963,0,0.998778875917197,1021,16,11,0.205,0.0944537431891936,0.0944537431891936,0.0669703276362269,0.0880412329407911,0.0180705190989226,0.1824949761299847,-0.07152524217962997,1.4103819784524976,11.344444444444445,199.0,186.0,190.0,319.0,134.0,274.0,44.1,True
J. Plug,FC Dordrecht,1,1,1.20151939429343,1.20151939429343,0,0.978240311145783,1312,20,9,1.513,0.0824212999134213,0.0824212999134213,0.0600759697146715,0.0671048993926223,0.103788109756098,0.1495261993060436,-0.2015193942934299,1.3719512195121952,14.577777777777778,219.0,201.0,223.0,70.0,142.0,290.0,38.4,True
A. Drakpe,FC Dordrecht,0,0,1.82806012406945,1.82806012406945,2,1.25455621629953,1886,13,13,1.033,0.0872351066629112,0.0872351066629112,0.140620009543804,0.0598674758573477,0.0492948038176034,0.1471025825202589,-1.82806012406945,0.6203605514316013,20.955555555555556,223.0,192.0,230.0,216.0,241.0,73.0,37.3,True
Bae Seung-Gyun,FC Dordrecht,1,1,1.07129773497581,1.07129773497581,1,1.12847543135286,1484,11,12,0.752,0.0649708868920642,0.0649708868920642,0.0973907031796195,0.0684385369418849,0.0456064690026954,0.1334094238339491,-0.07129773497580993,0.6671159029649596,16.488888888888887,230.0,219.0,220.0,228.0,228.0,172.0,35.3,True
M. Vetkal,FC Dordrecht,0,0,1.18369537964463,1.18369537964463,1,1.79603971540928,2069,19,23,1.383,0.0514898908496939,0.0514898908496939,0.0622997568234016,0.0781264255132118,0.060159497341711,0.12961631636290571,-1.18369537964463,0.8264862252295796,22.988888888888887,236.0,242.0,206.0,174.0,207.0,283.0,33.6,True
J. Hilton,FC Dordrecht,0,0,0.175036150962114,0.175036150962114,1,1.34083116799593,1567,4,9,1.462,0.0100531292830825,0.0100531292830825,0.0437590377405285,0.0770100862282283,0.0839693682195278,0.0870632155113108,-0.175036150962114,0.2297383535417996,17.41111111111111,268.0,322.0,210.0,110.0,311.0,328.0,24.6,True
S. Valk,FC Dordrecht,2,2,0.483267974108457,0.483267974108457,2,2.01235220208764,2666,8,23,2.375,0.0163143727193403,0.0163143727193403,0.0604084967635571,0.0679338702880299,0.0801762940735184,0.0842482430073702,1.5167320258915429,0.2700675168792198,29.622222222222224,271.0,312.0,221.0,119.0,306.0,288.0,23.7,True
L. Woudenberg,FC Dordrecht,1,1,0.77509767189622,0.77509767189622,0,0.67890177294612,1736,6,11,1.466,0.0401836350637441,0.0401836350637441,0.129182945316037,0.035196520486838,0.0760023041474654,0.07538015555058211,0.22490232810377997,0.3110599078341014,19.288888888888888,285.0,265.0,280.0,128.0,301.0,85.0,19.8,True
Y. M'Bemba,FC Dordrecht,2,0,1.92217941574752,0.342179415747524,0,0.532750986516475,1668,8,5,0.833,0.103714716677024,0.0184629181158736,0.24027242696844,0.0287455568264285,0.0449460431654676,0.0472084749423021,-0.342179415747524,0.4316546762589928,18.533333333333335,314.0,309.0,291.0,237.0,283.0,4.0,11.6,True
Celton Biai,FC Dordrecht,0,0,0.0,0.0,0,0.0978369247168303,3298,0,3,1.443,0.0,0.0,,0.00266989788493473,0.0393784111582777,0.00266989788493473,0.0,0.0,36.644444444444446,346.0,331.0,345.0,263.0,331.0,,2.5,True
T. Muller,FC Eindhoven,5,5,3.88681237772106,3.88681237772106,0,2.61391600966454,1307,49,26,0.488,0.267645840853019,0.267645840853019,0.0793227015861442,0.179994216426785,0.0336036725325172,0.44764005727980405,1.1131876222789399,3.374139250191278,14.522222222222222,59.0,62.0,67.0,280.0,12.0,230.0,83.6,True
S. Blummel,FC Eindhoven,4,4,5.45769665017724,5.45769665017724,1,4.35992414318026,2196,50,49,2.692,0.223676092220379,0.223676092220379,0.109153933003545,0.178685415704109,0.110327868852459,0.402361507924488,-1.4576966501772404,2.0491803278688527,24.4,76.0,84.0,69.0,58.0,79.0,139.0,78.8,True
K. van Veen,FC Eindhoven,4,4,3.25990066304803,3.25990066304803,1,1.02485361136496,1083,22,9,0.594,0.27090587227546,0.27090587227546,0.14817730286582,0.0851678901411324,0.0493628808864266,0.3560737624165924,0.7400993369519702,1.8282548476454294,12.033333333333333,102.0,60.0,196.0,215.0,94.0,61.0,71.5,True
R. Janga,FC Eindhoven,10,6,8.06754651278258,4.90754651278258,1,2.26992821693421,2471,36,26,-0.133,0.293840221024052,0.178745117826966,0.224098514243961,0.0826764627778547,-0.00484419263456091,0.2614215806048207,1.09245348721742,1.311210036422501,27.455555555555556,152.0,105.0,200.0,346.0,147.0,10.0,57.3,True
B. van Schuppen,FC Eindhoven,0,0,1.06370775215328,1.06370775215328,1,1.67913874611258,1003,19,18,0.61,0.0954473556269142,0.0954473556269142,0.055984618534383,0.150670475722964,0.0547357926221336,0.2461178313498782,-1.06370775215328,1.7048853439680958,11.144444444444444,158.0,185.0,103.0,193.0,106.0,309.0,55.6,True
E. Lukoki Mateso,FC Eindhoven,1,1,2.1134788542986,2.1134788542986,2,1.72243546321988,1419,23,16,1.019,0.134047284627818,0.134047284627818,0.0918903849695043,0.109245378216906,0.064630021141649,0.243292662844724,-1.1134788542986,1.4587737843551796,15.766666666666667,160.0,139.0,155.0,161.0,126.0,187.0,55.1,True
S. Simons,FC Eindhoven,7,7,4.02110435068608,4.02110435068608,3,4.17863360606133,3071,61,45,2.468,0.11784415225065,0.11784415225065,0.0659197434538702,0.122460769959466,0.0723282318463041,0.240304922210116,2.9788956493139196,1.787691305763595,34.12222222222222,161.0,156.0,139.0,138.0,96.0,277.0,54.8,True
T. Simons,FC Eindhoven,4,4,4.9190891701728,4.9190891701728,5,3.27034229785204,3126,47,43,2.692,0.141624448277528,0.141624448277528,0.104661471705804,0.0941557283450684,0.0775047984644914,0.23578017662259637,-0.9190891701727999,1.3531669865642995,34.733333333333334,163.0,132.0,177.0,121.0,144.0,151.0,54.2,True
D. Huisman,FC Eindhoven,4,4,3.61176598072051,3.61176598072051,3,3.90419036522508,3088,39,35,2.429,0.1052652002153,0.1052652002153,0.0926093841210387,0.113787931628969,0.0707933937823834,0.219053131844269,0.3882340192794902,1.136658031088083,34.31111111111111,175.0,171.0,146.0,147.0,165.0,183.0,50.8,True
C. Essers,FC Eindhoven,2,2,4.25702281855048,4.25702281855048,3,1.44782548397779,2528,30,13,2.098,0.151555400976876,0.151555400976876,0.141900760618349,0.0515444199200954,0.0746914556962025,0.2030998208969714,-2.25702281855048,1.0680379746835442,28.08888888888889,184.0,128.0,252.0,132.0,174.0,70.0,48.3,True
F. Limouri,FC Eindhoven,2,2,2.99232516810297,2.99232516810297,0,0.215509157627821,1895,27,6,0.73,0.142115707192225,0.142115707192225,0.110826858077888,0.0102352634229572,0.0346701846965699,0.15235097061518219,-0.9923251681029699,1.2823218997361476,21.055555555555557,217.0,131.0,324.0,277.0,153.0,135.0,39.0,True
D. Dorenbosch,FC Eindhoven,0,0,0.891152042895555,0.891152042895555,0,0.632590875029564,943,11,6,0.049,0.0850516265753976,0.0850516265753976,0.0810138220814141,0.0603745267790676,0.00467656415694592,0.14542615335446518,-0.891152042895555,1.0498409331919407,10.477777777777778,225.0,198.0,227.0,336.0,175.0,223.0,36.7,True
T. Douglas,FC Eindhoven,3,3,1.96371040120721,1.96371040120721,2,1.68551840633154,2689,26,21,1.961,0.0657247809998694,0.0657247809998694,0.0755273231233542,0.0564137807994937,0.0656340647080699,0.12213856179936311,1.03628959879279,0.8702119747117888,29.877777777777776,241.0,218.0,243.0,158.0,203.0,240.0,32.2,True
O. Renfrum,FC Eindhoven,0,0,1.02688546106219,1.02688546106219,0,1.02156066894531,1646,17,10,0.77,0.0561480507263652,0.0561480507263652,0.0604050271213053,0.0558569017041787,0.0421020656136087,0.1120049524305439,-1.02688546106219,0.9295261239368166,18.288888888888888,249.0,230.0,245.0,250.0,193.0,289.0,29.9,True
J. Neeskens,FC Eindhoven,1,1,1.65395641326904,1.65395641326904,1,1.17919813096523,3263,25,16,2.591,0.0456193923365656,0.0456193923365656,0.0661582565307616,0.0325246189968957,0.0714649095923996,0.0781440113334613,-0.6539564132690401,0.6895494943303708,36.25555555555555,281.0,256.0,284.0,143.0,223.0,276.0,20.9,True
J. Borgmans,FC Eindhoven,0,0,0.0,0.0,0,0.110004961490631,2328,0,1,1.107,0.0,0.0,,0.00425276912979244,0.0427963917525773,0.00425276912979244,0.0,0.0,25.866666666666667,340.0,331.0,338.0,247.0,331.0,,4.2,True
J. Brondeel,FC Eindhoven,0,0,0.0,0.0,0,0.0,1266,0,0,0.596,0.0,0.0,,0.0,0.0423696682464455,0.0,0.0,0.0,14.066666666666666,352.0,331.0,351.0,248.0,331.0,,0.8,True
R. Postema,FC Emmen,24,24,23.3738700653612,21.7938700653612,7,4.65229453518986,3263,107,31,1.502,0.644697611364544,0.601118083322865,0.218447383788422,0.128319493768645,0.0414281336193687,0.72943757709151,2.206129934638799,2.9512718357339875,36.25555555555555,5.0,3.0,129.0,253.0,26.0,11.0,98.9,True
F. Quispel,FC Emmen,4,4,5.50561126507819,5.50561126507819,3,3.73107812553644,1401,44,28,0.395,0.353679524523224,0.353679524523224,0.125127528751777,0.239683819627608,0.0253747323340471,0.593363344150832,-1.5056112650781897,2.8265524625267666,15.566666666666666,20.0,31.0,22.0,303.0,28.0,94.0,94.6,True
F. Gerezgiher,FC Emmen,2,2,3.94301265850663,3.94301265850663,2,4.47171607613564,1438,28,28,2.589,0.246781042604726,0.246781042604726,0.140821880660951,0.279870964431299,0.162037552155772,0.526652007036025,-1.94301265850663,1.7524339360222532,15.977777777777778,35.0,74.0,12.0,13.0,101.0,72.0,90.4,True
N. Amadin,FC Emmen,3,3,1.50207114592195,1.50207114592195,2,2.28922912105918,971,29,16,1.383,0.139223896120469,0.139223896120469,0.0517955567559293,0.212183955607957,0.128187435633368,0.35140785172842604,1.49792885407805,2.6879505664263643,10.78888888888889,106.0,135.0,39.0,36.0,42.0,319.0,70.3,True
V. Besuijen,FC Emmen,0,0,2.38899561762809,2.38899561762809,2,1.54689998179673,1035,19,9,0.616,0.207738749358964,0.207738749358964,0.12573661145411,0.134513041895368,0.0535652173913043,0.342251791254332,-2.38899561762809,1.6521739130434783,11.5,109.0,92.0,116.0,196.0,113.0,90.0,69.5,True
Alaa Bakir,FC Emmen,1,1,2.25165573321283,2.25165573321283,3,2.60315691307188,1529,30,36,0.645,0.132536962713639,0.132536962713639,0.0750551911070943,0.153227025622282,0.0379659908436887,0.285763988335921,-1.25165573321283,1.7658600392413344,16.988888888888887,140.0,143.0,100.0,267.0,100.0,242.0,60.7,True
L. Larsen,FC Emmen,3,3,3.9712230823934,3.9712230823934,4,5.2873938344419,3011,36,37,4.168,0.11870145380784,0.11870145380784,0.110311752288706,0.158042326502747,0.124583194951843,0.276743780310587,-0.9712230823933998,1.0760544669545002,33.455555555555556,148.0,155.0,94.0,38.0,172.0,136.0,58.5,True
T. Geypens,FC Emmen,2,2,1.47612141445279,1.47612141445279,2,2.34453397803008,1302,15,16,0.931,0.102036042473695,0.102036042473695,0.0984080942968527,0.162064560693324,0.0643548387096774,0.264100603167019,0.5238785855472099,1.0368663594470047,14.466666666666667,150.0,177.0,92.0,164.0,176.0,170.0,57.9,True
D. Nunumete,FC Emmen,0,0,1.39358542859554,1.39358542859554,4,2.8951164074242,1563,19,18,1.605,0.080244842337555,0.080244842337555,0.0733466015050284,0.166705359352641,0.0924184261036468,0.246950201690196,-1.39358542859554,1.0940499040307101,17.366666666666667,157.0,202.0,88.0,91.0,171.0,249.0,55.9,True
P. Mulder,FC Emmen,5,4,3.66086033448577,2.87086033448577,2,2.0661543905735,1900,34,11,2.217,0.1734091737388,0.135988121107221,0.107672362778993,0.0978704711324289,0.105015789473684,0.2338585922396499,1.1291396655142298,1.6105263157894738,21.11111111111111,164.0,138.0,171.0,67.0,117.0,144.0,54.0,True
D. Beukers,FC Emmen,0,0,1.65950936824083,1.65950936824083,0,0.858567748218775,1365,8,10,1.247,0.109418200103791,0.109418200103791,0.207438671030104,0.0566088625199192,0.0822197802197802,0.1660270626237102,-1.65950936824083,0.5274725274725275,15.166666666666666,207.0,168.0,242.0,112.0,257.0,14.0,41.8,True
R. Kongolo,FC Emmen,2,2,2.33616077154874,2.33616077154874,1,1.84971923008561,2404,17,16,0.707,0.0874602618300278,0.0874602618300278,0.137421221855808,0.069249056034819,0.0264683860232945,0.1567093178648468,-0.33616077154874,0.6364392678868552,26.711111111111112,212.0,191.0,219.0,300.0,235.0,76.0,40.4,True
C. Staring,FC Emmen,1,1,0.901035975664854,0.901035975664854,1,1.33118592388928,1340,16,12,1.063,0.060517341649132,0.060517341649132,0.0563147484790534,0.0894080098134593,0.0713955223880597,0.14992535146259128,0.09896402433514595,1.0746268656716418,14.88888888888889,218.0,223.0,184.0,144.0,173.0,308.0,38.7,True
L. Everink,FC Emmen,0,0,1.09906469285488,1.09906469285488,3,2.05636114254594,1901,15,15,1.524,0.0520335730441553,0.0520335730441553,0.0732709795236587,0.0973553407833428,0.0721514992109416,0.1493889138274981,-1.09906469285488,0.7101525512887953,21.122222222222224,220.0,238.0,172.0,140.0,218.0,250.0,38.1,True
A. Claridge,FC Emmen,1,1,0.381941918283701,0.381941918283701,1,0.45743365585804,950,7,6,0.108,0.0361839712058243,0.0361839712058243,0.0545631311833859,0.0433358200286564,0.0102315789473684,0.07951979123448069,0.6180580817162991,0.6631578947368422,10.555555555555555,278.0,272.0,265.0,334.0,230.0,314.0,21.8,True
J. Mesbahi,FC Emmen,0,0,0.378707613795996,0.378707613795996,1,0.543360847979784,1072,6,7,0.542,0.0317944825015295,0.0317944825015295,0.063117935632666,0.0456179816400938,0.0455037313432836,0.0774124641416233,-0.378707613795996,0.503731343283582,11.911111111111111,283.0,283.0,260.0,230.0,260.0,282.0,20.3,True
C. Østergaard,FC Emmen,0,0,0.458663858473301,0.458663858473301,1,0.819003030657769,2383,5,8,2.045,0.0173225964173718,0.0173225964173718,0.0917327716946602,0.0309317132854382,0.0772345782626941,0.04825430970281,-0.458663858473301,0.1888375996642887,26.477777777777778,311.0,311.0,289.0,122.0,316.0,190.0,12.4,True
G. Bolk,FC Emmen,0,0,0.209735568612814,0.209735568612814,0,0.677764251828193,1685,3,9,1.649,0.0112024932790227,0.0112024932790227,0.0699118562042713,0.0362010579611498,0.0880771513353116,0.0474035512401725,-0.209735568612814,0.16023738872403562,18.72222222222222,313.0,319.0,279.0,105.0,320.0,265.0,11.9,True
L. Unbehaun,FC Emmen,0,0,0.0,0.0,0,0.150048457086086,3329,0,2,1.384,0.0,0.0,,0.00405658189779145,0.0374166416341244,0.00405658189779145,0.0,0.0,36.98888888888889,341.0,331.0,339.0,271.0,331.0,,4.0,True
R. El Arguioui,FC Utrecht II,11,7,13.4035119859874,10.2435119859874,4,4.0991185158491,1883,75,32,1.351,0.640635198480544,0.489599616961694,0.178713493146498,0.195921755935432,0.0645724907063197,0.685521372897126,-3.2435119859874,3.584705257567711,20.92222222222222,7.0,8.0,56.0,162.0,6.0,29.0,98.3,True
N. Dundas,FC Utrecht II,4,4,9.32296932674943,9.32296932674943,4,3.26067461073398,2211,74,21,1.482,0.379496716149909,0.379496716149909,0.1259860719831,0.132727596095006,0.060325644504749,0.512224312244915,-5.32296932674943,3.012211668928087,24.566666666666666,40.0,27.0,120.0,173.0,23.0,88.0,89.0,True
O. Agougil,FC Utrecht II,0,0,2.32759679481387,2.32759679481387,8,8.99597577936947,2496,39,66,2.559,0.0839277690437693,0.0839277690437693,0.0596819690977915,0.324374126659957,0.0922716346153846,0.4083018957037263,-2.32759679481387,1.40625,27.733333333333334,71.0,199.0,6.0,92.0,135.0,292.0,80.2,True
M. Jensen,FC Utrecht II,2,2,4.35542312078177,4.35542312078177,3,5.85690898820759,2332,38,48,2.35,0.168090943769451,0.168090943769451,0.11461639791531,0.226038511551751,0.0906946826758148,0.394129455321202,-2.3554231207817704,1.4665523156089193,25.91111111111111,80.0,116.0,30.0,96.0,124.0,124.0,77.7,True
T. den Boggende,FC Utrecht II,5,5,3.7100453414023,3.7100453414023,0,1.72972573339939,1360,21,10,0.492,0.245517706416329,0.245517706416329,0.176668825781062,0.114467144122018,0.0325588235294118,0.359984850538347,1.2899546585977002,1.3897058823529411,15.11111111111111,99.0,75.0,145.0,285.0,139.0,33.0,72.3,True
E. Demircan,FC Utrecht II,6,6,5.33984426401555,3.75984426401555,2,3.98182325437665,2040,31,33,1.504,0.235581364588921,0.16587548223598,0.172253040774695,0.175668672987205,0.0663529411764706,0.34154415522318504,2.24015573598445,1.3676470588235294,22.666666666666668,110.0,120.0,76.0,157.0,143.0,36.0,69.2,True
V. Plantinga,FC Utrecht II,1,1,1.83756120130419,1.83756120130419,2,2.15287748724223,1841,16,20,1.484,0.0898318892544147,0.0898318892544147,0.114847575081512,0.105246590902662,0.0725475285171103,0.19507848015707668,-0.83756120130419,0.7821835958718087,20.455555555555556,194.0,190.0,160.0,137.0,212.0,123.0,45.5,True
M. Ghaddari,FC Utrecht II,3,3,1.10052598826588,1.10052598826588,1,2.9462070390582,1875,15,21,3.315,0.0528252474367621,0.0528252474367621,0.0733683992177251,0.141417937874794,0.15912,0.1942431853115561,1.89947401173412,0.7200000000000001,20.833333333333332,196.0,235.0,108.0,14.0,217.0,248.0,44.9,True
N. Viereck,FC Utrecht II,4,4,3.38628083281219,3.38628083281219,1,0.536285199224949,2511,27,10,1.06,0.121372072860652,0.121372072860652,0.125417808622674,0.0192216917284928,0.0379928315412186,0.1405937645891448,0.6137191671878099,0.967741935483871,27.9,228.0,152.0,314.0,266.0,188.0,92.0,35.9,True
J. van Ommeren,FC Utrecht II,0,0,0.672550104558468,0.672550104558468,2,1.14798460528255,1312,10,11,0.654,0.0461352968066022,0.0461352968066022,0.0672550104558468,0.078748943959931,0.0448628048780488,0.1248842407665332,-0.672550104558468,0.6859756097560976,14.577777777777778,238.0,254.0,205.0,238.0,225.0,272.0,33.1,True
S. van der Wegen,FC Utrecht II,3,3,1.32916772738099,1.32916772738099,2,2.04981704987585,2455,11,28,1.647,0.0487271264620322,0.0487271264620322,0.120833429761908,0.0751460425616402,0.0603788187372709,0.1238731690236724,1.67083227261901,0.4032586558044806,27.27777777777778,239.0,248.0,215.0,172.0,290.0,103.0,32.8,True
W. Kooy,FC Utrecht II,1,1,2.5127422735095,2.5127422735095,0,0.889964981004596,2836,19,7,1.284,0.0797414684823184,0.0797414684823184,0.132249593342605,0.0282428943196099,0.0407475317348378,0.1079843628019283,-1.5127422735095002,0.6029619181946403,31.511111111111113,253.0,203.0,294.0,256.0,244.0,80.0,28.8,True
P. Kloosterboer,FC Utrecht II,0,0,0.506276533007622,0.506276533007622,0,0.720879262313247,2376,7,8,1.398,0.0191771414018039,0.0191771414018039,0.0723252190010888,0.0273060326633806,0.0529545454545454,0.0464831740651845,-0.506276533007622,0.26515151515151514,26.4,315.0,305.0,297.0,199.0,308.0,258.0,11.3,True
J. Mukeh,FC Utrecht II,0,0,0.177006734535098,0.177006734535098,0,0.252036042511463,1673,4,5,0.482,0.00952217938323898,0.00952217938323898,0.0442516836337745,0.0135584242833423,0.0259294680215182,0.02308060366658128,-0.177006734535098,0.21518230723251644,18.58888888888889,327.0,323.0,320.0,302.0,313.0,326.0,7.9,True
K. Gadellaa,FC Utrecht II,0,0,0.0727750957012177,0.0727750957012177,0,0.0,2073,1,0,0.846,0.00315955552972002,0.00315955552972002,0.0727750957012177,0.0,0.0367293777134588,0.00315955552972002,-0.0727750957012177,0.04341534008683068,23.033333333333335,343.0,330.0,351.0,274.0,330.0,255.0,3.4,True
M. Eppink,FC Utrecht II,0,0,0.0,0.0,0,0.0,1324,0,0,0.494,0.0,0.0,,0.0,0.0335800604229607,0.0,0.0,0.0,14.71111111111111,352.0,331.0,351.0,281.0,331.0,,0.8,True
M. Łukowicz,Helmond Sport,10,9,10.7731281135976,8.40312811359764,0,1.11233509704471,1671,47,8,-0.139,0.580240293371505,0.45259217847025,0.229215491778672,0.0599103283866092,-0.00748653500897666,0.5125025068568592,0.5968718864023597,2.5314183123877916,18.566666666666666,39.0,13.0,229.0,349.0,48.0,7.0,89.3,True
T. Essakkati,Helmond Sport,2,2,3.58983619697392,3.58983619697392,4,2.75960428640246,1262,32,21,1.137,0.256010505330945,0.256010505330945,0.112182381155435,0.196802207429652,0.0810855784469097,0.452812712760597,-1.5898361969739199,2.282091917591125,14.022222222222222,55.0,66.0,55.0,118.0,67.0,132.0,84.7,True
L. Bajrami,Helmond Sport,8,7,5.65799391917884,4.86799391917884,0,1.50630374997853,1755,33,21,-0.201,0.290153534316864,0.249640713804043,0.171454361187238,0.0772463461527452,-0.0103076923076923,0.32688705995678824,2.13200608082116,1.6923076923076923,19.5,120.0,72.0,209.0,351.0,107.0,37.0,66.4,True
L. Daneels,Helmond Sport,5,4,8.15754569217563,5.78754569217563,4,3.79877908341587,2737,53,33,1.174,0.268242277053638,0.190310234671468,0.153915956456144,0.124914182501801,0.0386043112897333,0.315224417173269,-1.7875456921756303,1.742784070149799,30.41111111111111,130.0,98.0,132.0,265.0,102.0,55.0,63.6,True
A. Leipold,Helmond Sport,0,0,3.07812974601984,3.07812974601984,1,3.76464534923434,2004,38,28,2.048,0.13823935985119,0.13823935985119,0.0810034143689431,0.16907089891771,0.0919760479041916,0.3073102587689,-3.07812974601984,1.7065868263473054,22.266666666666666,131.0,137.0,87.0,93.0,105.0,225.0,63.3,True
A. Absalem,Helmond Sport,0,0,2.88151812553406,2.88151812553406,2,2.99060782417656,1785,16,31,2.573,0.145286628178188,0.145286628178188,0.180094882845879,0.150786949118146,0.129731092436975,0.296073577296334,-2.88151812553406,0.8067226890756303,19.833333333333332,139.0,130.0,102.0,35.0,209.0,27.0,61.0,True
J. Ogenia,Helmond Sport,1,1,1.18213323876262,1.18213323876262,2,2.46785464510322,1156,18,16,1.511,0.0920345947133528,0.0920345947133528,0.0656740688201456,0.192134012162015,0.117638408304498,0.2841686068753678,-0.18213323876262,1.4013840830449826,12.844444444444445,141.0,188.0,58.0,49.0,137.0,279.0,60.5,True
T. Poll,Helmond Sport,1,1,2.85962956026197,2.85962956026197,3,3.07763201184571,2376,30,26,2.027,0.108319301525075,0.108319301525075,0.0953209853420657,0.116576970145671,0.076780303030303,0.224896271670746,-1.8596295602619701,1.1363636363636365,26.4,169.0,169.0,143.0,123.0,166.0,179.0,52.5,True
A. Et-Taïbi,Helmond Sport,1,1,1.61502340063453,1.61502340063453,1,2.41512671113014,1675,13,14,2.19,0.0867773767505121,0.0867773767505121,0.124232569279579,0.129768002389082,0.117671641791045,0.2165453791395941,-0.6150234006345301,0.6985074626865672,18.61111111111111,177.0,193.0,127.0,48.0,221.0,95.0,50.3,True
N. Makanza,Helmond Sport,7,7,3.29054116643966,3.29054116643966,3,3.33452079072594,3011,33,29,1.022,0.0983555978012517,0.0983555978012517,0.0997133686799896,0.099670166444814,0.0305479907007639,0.19802576424606572,3.70945883356034,0.9863832613749585,33.455555555555556,188.0,181.0,167.0,293.0,185.0,164.0,47.2,True
Pol Llonch,Helmond Sport,2,2,0.967528635635971,0.967528635635971,0,1.40604702197015,2197,17,14,0.967,0.0396347643182692,0.0396347643182692,0.0569134491550571,0.0575986490565833,0.0396131087847064,0.0972334133748525,1.0324713643640289,0.6964041875284479,24.41111111111111,260.0,267.0,239.0,262.0,222.0,304.0,26.8,True
B. Koglin,Helmond Sport,2,2,1.81512473337353,1.81512473337353,2,0.603601422160864,2525,27,7,1.645,0.0646975152489575,0.0646975152489575,0.0672268419767974,0.0215145061364268,0.0586336633663366,0.08621202138538431,0.18487526662646991,0.9623762376237623,28.055555555555557,270.0,220.0,304.0,181.0,189.0,273.0,24.0,True
A. Dizdarević,Helmond Sport,0,0,0.814866621047258,0.814866621047258,0,0.825692094862461,2299,16,10,0.798,0.0318999547169435,0.0318999547169435,0.0509291638154536,0.0323237444704748,0.0312396694214876,0.0642236991874183,-0.814866621047258,0.626359286646368,25.544444444444444,292.0,282.0,285.0,289.0,239.0,321.0,17.8,True
S. Dekkers,Helmond Sport,1,1,0.7252750210464,0.7252750210464,0,0.096515167504549,1263,7,2,0.587,0.0516823055377482,0.0516823055377482,0.103610717292343,0.00687756538037166,0.0418289786223278,0.05855987091811986,0.27472497895360004,0.498812351543943,14.033333333333333,301.0,240.0,331.0,252.0,262.0,157.0,15.3,True
F. Van Den Eynden,Helmond Sport,0,0,1.02739867568016,1.02739867568016,0,0.722992232069373,2848,12,7,1.304,0.0324669525320276,0.0324669525320276,0.0856165563066801,0.0228473668842147,0.0412078651685393,0.055314319416242305,-1.02739867568016,0.3792134831460674,31.644444444444446,304.0,280.0,301.0,254.0,292.0,208.0,14.4,True
D. Vos,Helmond Sport,0,0,0.475845251232386,0.475845251232386,1,0.756078047677875,2639,8,11,1.714,0.0162281442254319,0.0162281442254319,0.0594806564040483,0.0257851550932204,0.0584539598332702,0.0420132993186523,-0.475845251232386,0.2728306176582039,29.322222222222223,320.0,313.0,299.0,182.0,305.0,293.0,9.9,True
M. Bergsen,Helmond Sport,0,0,0.0,0.0,0,0.113406155258417,3438,0,2,1.146,0.0,0.0,,0.00296874751985385,0.03,0.00296874751985385,0.0,0.0,38.2,344.0,331.0,343.0,296.0,331.0,,3.1,True
C. Mmaee,MVV,4,4,3.45426761731505,3.45426761731505,4,2.30423309653997,1149,35,17,0.612,0.270569265063842,0.270569265063842,0.0986933604947157,0.180488232104958,0.0479373368146214,0.4510574971688,0.5457323826849501,2.7415143603133156,12.766666666666667,56.0,61.0,66.0,220.0,38.0,168.0,84.5,True
S. Braken,MVV,7,5,9.24006476804613,7.66006476804613,3,2.91329417005181,2512,78,26,0.457,0.33105327592522,0.274444995670443,0.118462368821104,0.104377577748672,0.0163734076433121,0.378822573419115,-2.66006476804613,2.7945859872611463,27.91111111111111,88.0,55.0,162.0,325.0,31.0,111.0,75.4,True
T. Verheijen,MVV,2,2,3.52031157165766,3.52031157165766,0,0.832201637327671,1038,23,9,0.543,0.30522932702234,0.30522932702234,0.153057024854681,0.0721562113289888,0.0470809248554913,0.3773855383513288,-1.5203115716576598,1.9942196531791907,11.533333333333333,89.0,43.0,217.0,224.0,84.0,57.0,75.1,True
L. Foubert,MVV,2,2,2.39565730839968,2.39565730839968,0,1.55238305404782,1003,17,9,0.61,0.214964264961088,0.214964264961088,0.140921018141158,0.139296585108977,0.0547357926221336,0.354260850070065,-0.39565730839967994,1.5254237288135595,11.144444444444444,103.0,90.0,110.0,193.0,121.0,71.0,71.2,True
Ilano Timas,MVV,5,5,4.33954674191773,4.33954674191773,7,5.05693447217345,2625,52,31,4.293,0.148784459722893,0.148784459722893,0.0834528219599563,0.173380610474518,0.147188571428571,0.32216507019741103,0.6604532580822697,1.7828571428571427,29.166666666666668,124.0,129.0,77.0,18.0,98.0,215.0,65.3,True
S. Van Dessel,MVV,7,6,5.59402973294258,4.80402973294258,4,5.74210410192608,3346,38,52,3.321,0.150467028082735,0.129217775243524,0.147211308761647,0.154449901127719,0.0893275552898984,0.283667676371243,1.1959702670574197,1.022115959354453,37.17777777777778,143.0,144.0,97.0,101.0,179.0,63.0,59.9,True
N. El Basri,MVV,1,1,2.99322785437107,2.99322785437107,1,1.97484595701098,1578,30,17,0.939,0.170716417549681,0.170716417549681,0.099774261812369,0.112633799829524,0.0535551330798479,0.283350217379205,-1.99322785437107,1.7110266159695815,17.533333333333335,144.0,111.0,149.0,197.0,103.0,163.0,59.6,True
D. Asante,MVV,2,2,1.71235623210668,1.71235623210668,2,2.65189369767904,1575,14,18,1.946,0.0978489275489531,0.0978489275489531,0.122311159436191,0.151536782724517,0.1112,0.24938571027347012,0.2876437678933199,0.8,17.5,155.0,183.0,101.0,57.0,210.0,98.0,56.5,True
R. Klaasen,MVV,0,0,0.909145966172219,0.909145966172219,2,2.88528656773269,2295,16,30,2.074,0.0356527829871458,0.0356527829871458,0.0568216228857637,0.113148492852262,0.0813333333333333,0.1488012758394078,-0.909145966172219,0.6274509803921569,25.5,221.0,274.0,148.0,114.0,238.0,306.0,37.9,True
M. van Kempen,MVV,0,0,0.413599498569965,0.413599498569965,0,1.39793582633138,1376,7,16,1.478,0.0270522927843727,0.0270522927843727,0.0590856426528521,0.0914347560827211,0.096671511627907,0.1184870488670938,-0.413599498569965,0.4578488372093023,15.28888888888889,243.0,295.0,181.0,85.0,275.0,297.0,31.6,True
I. Breugelmans,MVV,2,2,1.40050604194403,1.40050604194403,1,1.14237324520946,2766,10,11,2.016,0.0455696109092418,0.0455696109092418,0.140050604194403,0.0371704960480301,0.0655965292841649,0.08274010695727191,0.5994939580559699,0.32537960954446854,30.733333333333334,273.0,257.0,276.0,160.0,299.0,74.0,23.2,True
M. Kleinen,MVV,1,1,1.1430891007185,1.1430891007185,0,0.230624981224537,1551,15,5,0.556,0.066330121898559,0.066330121898559,0.0762059400479,0.0133824940749248,0.0322630560928433,0.0797126159734838,-0.1430891007185,0.8704061895551257,17.233333333333334,277.0,216.0,321.0,286.0,202.0,238.0,22.0,True
L. Schenk,MVV,0,0,0.15079271607101,0.15079271607101,1,0.515446621924639,943,4,5,0.629,0.0143916696144124,0.0143916696144124,0.0376981790177525,0.0491942693247269,0.0600318133616119,0.0635859389391393,-0.15079271607101,0.38176033934252385,10.477777777777778,293.0,316.0,257.0,175.0,291.0,330.0,17.5,True
W. Coomans,MVV,0,0,0.929080642759801,0.929080642759801,0,0.934990767389536,2645,12,9,2.082,0.0316133299993883,0.0316133299993883,0.07742338689665,0.0318144306484152,0.0708431001890359,0.0634277606478035,-0.929080642759801,0.40831758034026466,29.38888888888889,294.0,285.0,286.0,146.0,289.0,235.0,17.2,True
L. Tran,MVV,0,0,0.843370303511619,0.843370303511619,1,0.928105980157852,2523,12,12,1.456,0.0300845530384644,0.0300845530384644,0.0702808586259683,0.0331072287808984,0.0519381688466112,0.0631917818193628,-0.843370303511619,0.4280618311533888,28.033333333333335,295.0,287.0,282.0,203.0,284.0,263.0,16.9,True
K. Sy,MVV,0,0,0.679307669401169,0.679307669401169,0,0.0872407704591751,1183,6,2,0.842,0.0516802115351692,0.0516802115351692,0.113217944900195,0.00663708312876226,0.0640574809805579,0.05831729466393146,-0.679307669401169,0.4564666103127642,13.144444444444444,302.0,241.0,334.0,165.0,276.0,130.0,15.0,True
F. Dicke,MVV,0,0,0.184519741684198,0.184519741684198,0,0.270156670361758,1463,3,4,0.801,0.0113511802813246,0.0113511802813246,0.0615065805613993,0.0166193440413932,0.0492754613807245,0.0279705243227178,-0.184519741684198,0.1845522898154477,16.255555555555556,326.0,318.0,318.0,217.0,318.0,285.0,8.2,True
A. Zaian,MVV,0,0,0.150697570294142,0.150697570294142,0,0.102166146039963,1227,2,1,0.716,0.0110536115130177,0.0110536115130177,0.0753487851470709,0.00749384934278457,0.052518337408313,0.01854746085580227,-0.150697570294142,0.1466992665036675,13.633333333333333,333.0,321.0,329.0,201.0,321.0,241.0,6.2,True
S. Westerveld,MVV,0,0,0.0,0.0,1,0.311563223600388,3626,0,1,1.508,0.0,0.0,,0.00773322948815083,0.0374296745725317,0.00773322948815083,0.0,0.0,40.28888888888889,336.0,331.0,328.0,269.0,331.0,,5.4,True
T. Abed,PSV II,7,6,6.11471326366067,5.32471326366067,4,3.98933982849121,1575,59,37,1.238,0.349412186494895,0.304269329352038,0.103639207858655,0.227962275913783,0.0707428571428571,0.532231605265821,0.6752867363393298,3.3714285714285714,17.5,32.0,46.0,26.0,148.0,13.0,156.0,91.2,True
F. Kluit,PSV II,3,3,4.4491948056966,4.4491948056966,3,5.18828214332463,1699,41,44,2.709,0.235684245151674,0.235684245151674,0.108516946480405,0.274835428428026,0.143502060035315,0.5105196735797,-1.4491948056966004,2.1718658034137728,18.877777777777776,42.0,79.0,15.0,23.0,72.0,142.0,88.4,True
R. van Duiven,PSV II,14,11,11.2123401489854,8.84234014898539,1,1.59469008073211,1842,57,13,-0.153,0.547834209233814,0.432036163631208,0.196707721912025,0.0779164534559663,-0.00747557003257329,0.5099526170871743,2.1576598510146106,2.7850162866449515,20.466666666666665,43.0,16.0,208.0,348.0,32.0,17.0,88.1,True
N. Verkooijen,PSV II,8,8,4.91637067869306,4.91637067869306,2,3.6131076104939,1970,32,33,1.254,0.224605767046891,0.224605767046891,0.153636583709158,0.165065829921041,0.0572893401015228,0.38967159696793197,3.0836293213069403,1.4619289340101522,21.88888888888889,84.0,83.0,90.0,187.0,125.0,56.0,76.6,True
S. Bouhoudane,PSV II,7,5,6.14763545423746,4.56763545423746,1,0.652158383280039,1210,24,5,0.019,0.457262141224274,0.339741480067249,0.256151477259894,0.0485076483431434,0.00141322314049587,0.38824912841039244,0.4323645457625398,1.7851239669421488,13.444444444444445,85.0,34.0,258.0,340.0,97.0,2.0,76.3,True
J. van den Berg,PSV II,7,7,5.29028039425611,5.29028039425611,3,3.46332727372647,2191,55,40,0.408,0.217309555218188,0.217309555218188,0.096186916259202,0.142263557569777,0.0167594705613875,0.359573112787965,1.7097196057438904,2.2592423550890004,24.344444444444445,101.0,88.0,106.0,324.0,68.0,176.0,71.8,True
N. Fernandez,PSV II,1,1,1.40508125349879,1.40508125349879,3,2.71188369393348,1123,14,19,0.946,0.112606689950927,0.112606689950927,0.100362946678485,0.217337072532514,0.0758147818343722,0.329943762483441,-0.40508125349879,1.1219946571682993,12.477777777777778,115.0,165.0,36.0,129.0,168.0,162.0,67.8,True
A. Thomas,PSV II,3,3,3.12443918921053,3.12443918921053,2,2.20520792901516,1509,44,22,0.984,0.18634826178194,0.18634826178194,0.0710099815729666,0.13152333572655,0.0586878727634195,0.31787159750849003,-0.1244391892105301,2.624254473161034,16.766666666666666,126.0,101.0,124.0,179.0,45.0,262.0,64.7,True
M. Bahaty,PSV II,1,1,1.35099001601339,1.35099001601339,3,1.81416141986848,960,15,15,1.472,0.126655314001255,0.126655314001255,0.0900660010675594,0.17007763311267,0.138,0.29673294711392495,-0.3509900160133901,1.40625,10.666666666666666,137.0,147.0,86.0,27.0,135.0,196.0,61.6,True
J. Koller,PSV II,6,6,3.27755612134933,3.27755612134933,0,0.530812785029411,1307,28,7,0.118,0.225692464362234,0.225692464362234,0.117055575762476,0.0365517602545119,0.00812547819433818,0.2622442246167459,2.72244387865067,1.928079571537873,14.522222222222222,151.0,82.0,278.0,335.0,90.0,117.0,57.6,True
E. Bassey,PSV II,0,0,0.309001469984651,0.309001469984651,5,3.48272917792202,1539,7,25,2.995,0.0180702614026112,0.0180702614026112,0.0441430671406644,0.203668372977896,0.175146198830409,0.2217386343805072,-0.309001469984651,0.4093567251461988,17.1,173.0,310.0,48.0,8.0,287.0,327.0,51.4,True
S. Sidibé,PSV II,1,1,1.66350333020092,1.66350333020092,1,1.87423956021667,1626,23,19,0.854,0.0920758300849216,0.0920758300849216,0.072326231747866,0.103740197059963,0.0472693726937269,0.1958160271448846,-0.6635033302009199,1.2730627306273063,18.066666666666666,192.0,187.0,165.0,222.0,154.0,257.0,46.0,True
W. Kuhn,PSV II,0,0,0.845244672149419,0.845244672149419,3,2.42288872972131,1576,11,16,2.549,0.0482690485364516,0.0482690485364516,0.0768404247408563,0.138362935072917,0.145564720812183,0.1866319836093686,-0.845244672149419,0.6281725888324873,17.511111111111113,198.0,251.0,111.0,19.0,237.0,237.0,44.4,True
J. Bawuah,PSV II,1,1,1.30344758369028,1.30344758369028,0,1.45232334546745,1360,22,19,0.706,0.0862575606853863,0.0862575606853863,0.0592476174404674,0.0961096331559339,0.0467205882352941,0.18236719384132022,-0.3034475836902799,1.4558823529411764,15.11111111111111,200.0,194.0,175.0,226.0,127.0,295.0,43.8,True
R. van de Riet,PSV II,0,0,0.996716298162937,0.996716298162937,3,1.89441187307238,2300,24,21,1.605,0.039001942102028,0.039001942102028,0.041529845756789,0.0741291602506583,0.062804347826087,0.11313110235268631,-0.996716298162937,0.9391304347826086,25.555555555555557,248.0,268.0,216.0,167.0,191.0,329.0,30.2,True
F. Merién,PSV II,1,1,1.33042533695698,1.33042533695698,1,0.538990363478661,2793,4,7,1.558,0.0428708486667126,0.0428708486667126,0.332606334239245,0.0173681105309987,0.0502040816326531,0.0602389591977113,-0.33042533695698006,0.12889366272824918,31.033333333333335,299.0,262.0,315.0,210.0,323.0,1.0,15.8,True
M. Monamay,PSV II,0,0,0.734582994133234,0.734582994133234,0,0.379306886345148,1987,13,3,1.118,0.0332725060251591,0.0332725060251591,0.056506384164095,0.0171804830251954,0.0506391545042778,0.0504529890503545,-0.734582994133234,0.5888273779567186,22.07777777777778,310.0,279.0,316.0,208.0,249.0,307.0,12.7,True
S. van der Plas,PSV II,0,0,1.02227737382054,1.02227737382054,0,0.103486400097609,2500,10,2,1.19,0.0368019854575394,0.0368019854575394,0.102227737382054,0.00372551040351392,0.04284,0.040527495861053316,-1.02227737382054,0.36,27.77777777777778,321.0,271.0,341.0,246.0,295.0,160.0,9.6,True
N. Schiks,PSV II,0,0,0.0,0.0,0,0.143426105380058,1895,0,3,0.891,0.0,0.0,,0.00681179392306344,0.0423166226912929,0.00681179392306344,0.0,0.0,21.055555555555557,337.0,331.0,333.0,249.0,331.0,,5.1,True
T. Smolenaars,PSV II,0,0,0.0,0.0,0,0.0533289350569248,1316,0,1,0.759,0.0,0.0,,0.00364711561939455,0.0519072948328268,0.00364711561939455,0.0,0.0,14.622222222222222,342.0,331.0,342.0,204.0,331.0,,3.7,True
T. van der Leij,RKC Waalwijk,13,13,10.945252712816,10.945252712816,0,1.43760185688734,1364,58,17,-0.231,0.722194093954137,0.722194093954137,0.188711253669242,0.0948564275072292,-0.015241935483871,0.8170505214613663,2.054747287184,3.8269794721407626,15.155555555555555,1.0,1.0,176.0,353.0,2.0,21.0,100.0,True
J. Uneken,RKC Waalwijk,14,12,13.3704894836246,11.7904894836247,6,5.24672348238528,2751,84,36,0.686,0.437420593793607,0.385730299355225,0.159172493852674,0.17164853268436,0.0224427480916031,0.557378832039585,0.20951051637529972,2.7480916030534353,30.566666666666666,25.0,25.0,80.0,307.0,37.0,52.0,93.2,True
D. Cleonise,RKC Waalwijk,7,7,6.15895546600223,6.15895546600223,7,5.12604429945349,2188,58,41,1.976,0.253339118802651,0.253339118802651,0.106188887344866,0.210851913597264,0.0812797074954296,0.464191032399915,0.8410445339977697,2.3857404021937842,24.31111111111111,52.0,67.0,40.0,115.0,61.0,147.0,85.6,True
R. Kuijpers,RKC Waalwijk,3,3,2.61897068656981,2.61897068656981,1,2.0525171533227,961,22,18,1.301,0.245273009148057,0.245273009148057,0.11904412211681,0.192223250571325,0.121841831425598,0.437496259719382,0.3810293134301901,2.0603537981269513,10.677777777777777,61.0,76.0,57.0,42.0,77.0,110.0,83.1,True
C. Lokesa,RKC Waalwijk,2,2,2.67232499271631,2.67232499271631,2,1.92868714779615,1018,27,17,1.058,0.236256630004389,0.236256630004389,0.0989749997302337,0.170512616209876,0.0935363457760314,0.406769246214265,-0.6723249927163102,2.387033398821218,11.311111111111112,72.0,78.0,85.0,88.0,60.0,166.0,79.9,True
H. Kuster,RKC Waalwijk,10,10,7.02269408106805,7.02269408106805,2,2.28717252798377,2082,46,22,1.352,0.303574672092279,0.303574672092279,0.152667262631914,0.098869129451748,0.0584438040345821,0.40244380154402704,2.9773059189319504,1.9884726224783862,23.133333333333333,75.0,47.0,168.0,183.0,85.0,58.0,79.1,True
R. van der Venne,RKC Waalwijk,5,4,5.24723580569028,4.45723580569028,0,1.57843277603388,1361,32,13,0.614,0.346988407429923,0.294747408164677,0.163976118927821,0.104378361383578,0.0406024981631154,0.39912576954825496,-0.45723580569027966,2.116091109478325,15.122222222222222,77.0,49.0,161.0,258.0,75.0,48.0,78.5,True
J. Familia-Castillo,RKC Waalwijk,2,2,1.49039063043893,1.49039063043893,7,8.4770237877965,2319,18,61,6.815,0.0578418097194928,0.0578418097194928,0.0827994794688294,0.328991867572956,0.264489003880983,0.38683367729244883,0.50960936956107,0.6985769728331177,25.766666666666666,86.0,228.0,5.0,2.0,220.0,217.0,76.0,True
D. van Kaam,RKC Waalwijk,1,1,1.56575357168914,1.56575357168914,3,6.64272051490843,2342,17,54,2.844,0.060169863984638,0.060169863984638,0.0921031512758316,0.255271070171545,0.109291204099061,0.315440934156183,-0.56575357168914,0.6532877882152007,26.022222222222222,129.0,224.0,17.0,60.0,232.0,186.0,63.8,True
N. Held,RKC Waalwijk,4,4,4.17107762768864,4.17107762768864,3,2.92499567568302,2123,39,23,2.9,0.176823827834186,0.176823827834186,0.106950708402273,0.123998874616803,0.122939236928874,0.30082270245098897,-0.1710776276886401,1.653320772491757,23.58888888888889,133.0,106.0,135.0,40.0,112.0,145.0,62.7,True
J. Altena,RKC Waalwijk,2,2,2.47312096692622,2.47312096692622,4,2.85714090615511,1919,43,38,2.221,0.11598795571827,0.11598795571827,0.0575144410913074,0.133998270742032,0.104163626889005,0.249986226460302,-0.4731209669262202,2.016675351745701,21.322222222222223,154.0,160.0,118.0,68.0,83.0,301.0,56.8,True
R. van Hedel,RKC Waalwijk,1,1,1.48452389985323,1.48452389985323,1,1.24533760175109,1004,13,11,0.116,0.133074851580469,0.133074851580469,0.114194146142556,0.111633848762547,0.010398406374502,0.244708700343016,-0.48452389985322997,1.1653386454183268,11.155555555555555,159.0,141.0,151.0,332.0,161.0,127.0,55.4,True
L. Postma,RKC Waalwijk,0,0,0.592241540551186,0.592241540551186,1,1.02066968753934,2346,12,9,0.853,0.0227202637040097,0.0227202637040097,0.0493534617125988,0.039156126120435,0.0327237851662404,0.0618763898244447,-0.592241540551186,0.46035805626598464,26.066666666666666,297.0,301.0,272.0,283.0,274.0,322.0,16.4,True
G. Roemeratoe,RKC Waalwijk,0,0,0.901547946035862,0.901547946035862,1,0.551338512450457,2413,17,7,0.603,0.0336259076432771,0.0336259076432771,0.0530322321197566,0.0205638069293581,0.0224906755076668,0.0541897145726352,-0.901547946035862,0.6340654786572731,26.81111111111111,305.0,278.0,310.0,306.0,236.0,315.0,14.1,True
R. van Eijma,RKC Waalwijk,0,0,0.623145874589682,0.623145874589682,0,0.314759710803628,2205,8,5,1.343,0.0254345254934564,0.0254345254934564,0.0778932343237102,0.012847335134842,0.0548163265306122,0.0382818606282984,-0.623145874589682,0.32653061224489793,24.5,322.0,298.0,322.0,192.0,298.0,234.0,9.3,True
L. van Gelderen,RKC Waalwijk,0,0,0.119850307703018,0.119850307703018,0,0.534101847559213,1697,2,5,0.768,0.00635623317222841,0.00635623317222841,0.059925153851509,0.0283259671657803,0.0407307012374779,0.03468220033800871,-0.119850307703018,0.10606953447259872,18.855555555555554,323.0,327.0,293.0,257.0,324.0,291.0,9.0,True
L. Wouters,RKC Waalwijk,0,0,0.283257834613323,0.283257834613323,0,0.325025126338005,2924,3,5,2.253,0.00871860640054688,0.00871860640054688,0.094419278204441,0.010004193355137,0.0693467852257182,0.018722799755683882,-0.283257834613323,0.09233926128590972,32.48888888888889,331.0,324.0,325.0,152.0,326.0,180.0,6.8,True
M. Spenkelink,RKC Waalwijk,0,0,0.0,0.0,0,0.0660877153277397,3541,0,2,1.189,0.0,0.0,,0.00167972165475757,0.030220276757978,0.00167972165475757,0.0,0.0,39.34444444444444,348.0,331.0,347.0,294.0,331.0,,2.0,True
J. Cooper-Love,Roda JC,7,7,9.32839208468795,9.32839208468795,2,1.1817297488451,1569,56,14,0.179,0.535089412123592,0.535089412123592,0.166578430083713,0.0677856452492409,0.0102676864244742,0.6028750573728329,-2.32839208468795,3.2122370936902485,17.433333333333334,16.0,6.0,222.0,333.0,20.0,45.0,95.8,True
A. van den Hurk,Roda JC,16,11,18.3531879724562,13.6131879724562,2,2.62533337250352,2677,81,31,-0.667,0.617029106283548,0.457671616556241,0.226582567561188,0.0882629822657142,-0.0224243556219649,0.5459345988219552,-2.613187972456201,2.7231976092641017,29.744444444444444,29.0,12.0,188.0,355.0,39.0,8.0,92.1,True
I. Griffith,Roda JC,4,4,4.47699977457523,4.47699977457523,4,3.94358829408883,2017,33,37,1.979,0.199766970605737,0.199766970605737,0.135666659835613,0.175965764237975,0.0883044124938027,0.375732734843712,-0.4769997745752299,1.472483886960833,22.41111111111111,90.0,94.0,75.0,103.0,123.0,77.0,74.9,True
M. Breij,Roda JC,10,8,7.7859984188527,6.2059984188527,3,6.16214334592223,2999,68,63,3.732,0.233657838511752,0.186242033243329,0.114499976747834,0.184925942358453,0.111997332444148,0.371167975601782,1.7940015811472998,2.0406802267422472,33.32222222222222,93.0,102.0,63.0,55.0,80.0,125.0,74.0,True
C. Seedorf,Roda JC,2,2,2.94409975409508,2.94409975409508,3,2.51215572096408,1447,40,26,1.952,0.183116086985873,0.183116086985873,0.0736024938523771,0.156250183059272,0.121409813407049,0.33936627004514497,-0.9440997540950802,2.48790601243953,16.07777777777778,112.0,103.0,95.0,44.0,53.0,247.0,68.6,True
K. Jansen,Roda JC,1,1,0.830018877983093,0.830018877983093,3,3.638598151505,1522,14,24,2.388,0.049081273993744,0.049081273993744,0.0592870627130781,0.21516020606797,0.141208935611038,0.264241480061714,0.16998112201690696,0.8278580814717477,16.91111111111111,149.0,247.0,37.0,26.0,206.0,294.0,58.2,True
J. Müller,Roda JC,2,2,3.27092529460788,3.27092529460788,2,4.20647540315987,3419,45,31,1.164,0.0861021575064958,0.0861021575064958,0.072687228769064,0.110729098065045,0.0306405381690553,0.1968312555715408,-1.27092529460788,1.1845568879789412,37.98888888888889,191.0,195.0,153.0,291.0,159.0,256.0,46.3,True
J. Kruiver,Roda JC,1,1,2.03176005557179,2.03176005557179,3,4.53342324867845,3314,21,28,4.699,0.0551775512979665,0.0551775512979665,0.0967504788367519,0.123116503434237,0.127613156306578,0.1782940547322035,-1.03176005557179,0.5703077851538926,36.82222222222222,202.0,231.0,137.0,37.0,251.0,175.0,43.2,True
J. Nisbet,Roda JC,3,3,2.48312227427959,2.48312227427959,2,3.67324193194508,3373,29,33,2.343,0.0662558567106917,0.0662558567106917,0.085624906009641,0.0980111988956588,0.0625170471390454,0.16426705560635052,0.51687772572041,0.773791876667655,37.477777777777774,208.0,217.0,169.0,168.0,213.0,207.0,41.5,True
M. Tol,Roda JC,0,0,2.03443150967359,2.03443150967359,3,1.26166002079844,3395,17,8,3.071,0.0539319104184457,0.0539319104184457,0.119672441745505,0.0334460682980441,0.0814108983799706,0.08737797871648981,-2.03443150967359,0.45066273932253315,37.72222222222222,266.0,233.0,281.0,113.0,278.0,107.0,25.1,True
L. Beerten,Roda JC,1,1,1.19165687449276,1.19165687449276,0,0.516347019001842,2232,12,10,1.877,0.0480506804230952,0.0480506804230952,0.0993047395410633,0.0208204443145904,0.0756854838709677,0.0688711247376856,-0.19165687449276003,0.48387096774193544,24.8,290.0,252.0,308.0,130.0,266.0,165.0,18.4,True
D. Van den Buijs,Roda JC,0,0,0.316449146717786,0.316449146717786,2,0.541985180228948,1766,4,6,1.773,0.0161270799573051,0.0161270799573051,0.0791122866794465,0.0276209887998898,0.090356738391846,0.0437480687571949,-0.316449146717786,0.20385050962627405,19.622222222222224,319.0,314.0,296.0,97.0,315.0,231.0,10.2,True
J. Treichel,Roda JC,0,0,0.0,0.0,0,0.0,3490,0,0,0.829,0.0,0.0,,0.0,0.021378223495702,0.0,0.0,0.0,38.77777777777778,352.0,331.0,351.0,310.0,331.0,,0.8,True
S. Doucouré,TOP Oss,3,2,5.03724598228932,4.24724598228932,2,1.97403367236256,1005,28,9,1.078,0.451096655130386,0.38035038647367,0.179901642224618,0.176779134838438,0.0965373134328358,0.5571295213121079,-2.2472459822893196,2.5074626865671643,11.166666666666666,26.0,26.0,73.0,86.0,52.0,28.0,92.9,True
M. Erkan,TOP Oss,3,3,2.30964263528584,2.30964263528584,5,3.30715016275644,1200,22,19,1.816,0.173223197646438,0.173223197646438,0.104983756149356,0.248036262206733,0.1362,0.42125945985317104,0.6903573647141599,1.65,13.333333333333334,68.0,107.0,20.0,29.0,115.0,150.0,81.1,True
M. Hinoke,TOP Oss,9,9,9.07047019898892,9.07047019898892,2,3.32775682583451,2663,80,30,2.62,0.306549875294406,0.306549875294406,0.113380877487361,0.112466434218966,0.0885467517837026,0.41901630951337204,-0.07047019898891982,2.7037176117161095,29.58888888888889,69.0,42.0,150.0,102.0,40.0,128.0,80.8,True
M. Remans,TOP Oss,8,8,7.06701928190886,7.06701928190886,3,3.85425906628371,2515,47,36,0.955,0.252895322215426,0.252895322215426,0.15036211238104,0.137925771755679,0.0341749502982107,0.390821093971105,0.93298071809114,1.6819085487077536,27.944444444444443,83.0,68.0,112.0,278.0,111.0,60.0,76.8,True
L. Slagveer,TOP Oss,3,3,3.15161431208252,3.15161431208252,4,3.68951736390591,1680,24,27,1.392,0.168836481004421,0.168836481004421,0.131317263003439,0.197652715923531,0.0745714285714286,0.366489196927952,-0.1516143120825202,1.2857142857142856,18.666666666666668,96.0,114.0,54.0,134.0,152.0,82.0,73.2,True
L. Mol,TOP Oss,0,0,2.89805244281888,2.89805244281888,2,3.22272721678018,1515,24,18,1.325,0.172161531256567,0.172161531256567,0.120752185117453,0.191449141590902,0.0787128712871287,0.363610672847469,-2.89805244281888,1.425742574257426,16.833333333333332,97.0,108.0,59.0,120.0,130.0,104.0,72.9,True
T. Wildeboer,TOP Oss,8,7,8.49628750137984,7.70628750137985,0,0.977110307663679,2371,73,17,-0.086,0.322507749946936,0.292520402836013,0.116387500018902,0.0370898050146483,-0.00326444538169549,0.3296102078506613,-0.7062875013798502,2.7709827077182623,26.344444444444445,116.0,50.0,277.0,344.0,34.0,119.0,67.5,True
J. Zimmerman,TOP Oss,0,0,1.25082939863205,1.25082939863205,2,1.55017628893256,1082,12,10,1.567,0.104043110791945,0.104043110791945,0.104235783219338,0.128942574865,0.130341959334566,0.232985685656945,-1.25082939863205,0.9981515711645101,12.022222222222222,167.0,173.0,128.0,33.0,183.0,154.0,53.1,True
D. Vianello,TOP Oss,1,1,2.54448248632252,2.54448248632252,4,4.35822802595793,3182,32,39,1.97,0.0719683921335722,0.0719683921335722,0.0795150776975787,0.123268548817163,0.0557196731615336,0.19523694095073518,-1.54448248632252,0.9050911376492772,35.355555555555554,193.0,210.0,136.0,191.0,198.0,228.0,45.8,True
M. van Rooijen,TOP Oss,2,2,1.32626045867801,1.32626045867801,0,0.69741839915514,1052,13,6,0.435,0.113463347225305,0.113463347225305,0.102020035282924,0.0596650721710671,0.0372148288973384,0.1731284193963721,0.67373954132199,1.1121673003802282,11.688888888888888,203.0,163.0,231.0,273.0,170.0,161.0,42.9,True
B. Van Hove,TOP Oss,1,1,0.699314218014479,0.699314218014479,3,2.52768847346305,1823,10,22,2.286,0.0345245636979172,0.0345245636979172,0.0699314218014479,0.124789886237891,0.112857926494789,0.1593144499358082,0.300685781985521,0.49369171695008224,20.255555555555556,211.0,276.0,133.0,52.0,265.0,264.0,40.7,True
M. de Lannoy,TOP Oss,1,1,1.18287989124656,1.18287989124656,3,1.63163325376808,1944,10,11,1.092,0.0547629579280815,0.0547629579280815,0.118287989124656,0.075538576563337,0.0505555555555556,0.1303015344914185,-0.1828798912465599,0.4629629629629629,21.6,234.0,232.0,213.0,209.0,273.0,113.0,34.2,True
M. Mariani,TOP Oss,2,2,1.19782922044396,1.19782922044396,1,0.595278393477201,1375,10,2,0.472,0.0784033671563322,0.0784033671563322,0.119782922044396,0.0389636766639622,0.0308945454545455,0.11736704382029439,0.80217077955604,0.6545454545454545,15.277777777777779,245.0,205.0,273.0,290.0,231.0,106.0,31.1,True
M. Esajas,TOP Oss,2,2,1.4768144749105,1.4768144749105,1,1.50231885537504,2590,17,13,1.483,0.0513178775065425,0.0513178775065425,0.0868714397006177,0.0522041301095574,0.0515328185328185,0.10352200761609989,0.5231855250894999,0.5907335907335907,28.77777777777778,256.0,243.0,251.0,206.0,248.0,203.0,28.0,True
T. Cox,TOP Oss,0,0,0.0,0.0,1,0.980232391506433,950,0,10,1.512,0.0,0.0,,0.0928641213006094,0.143242105263158,0.0928641213006094,0.0,0.0,10.555555555555555,263.0,331.0,179.0,24.0,331.0,,26.0,True
J. Kuijpers,TOP Oss,1,1,0.738111559301615,0.738111559301615,1,1.27836729586125,2295,7,20,2.221,0.0289455513451614,0.0289455513451614,0.105444508471659,0.0501320508180882,0.0870980392156863,0.0790776021632496,0.261888440698385,0.27450980392156865,25.5,279.0,290.0,256.0,108.0,304.0,148.0,21.5,True
X. Lambrix,TOP Oss,1,1,0.550338633358479,0.550338633358479,1,0.443831209093332,1746,9,8,0.836,0.0283679707916742,0.0283679707916742,0.061148737039831,0.0228778973759449,0.0430927835051546,0.0512458681676191,0.449661366641521,0.4639175257731959,19.4,309.0,291.0,300.0,244.0,271.0,286.0,13.0,True
L. Miguel,TOP Oss,3,3,0.545224741101266,0.545224741101266,0,0.784189406782388,2641,6,5,0.528,0.0185801691401416,0.0185801691401416,0.0908707901835443,0.0267236071981882,0.0179931843998485,0.0453037763383298,2.454775258898734,0.20446800454373343,29.344444444444445,317.0,308.0,298.0,320.0,314.0,193.0,10.7,True
M. Havekotte,TOP Oss,0,0,0.0,0.0,0,0.0512146838009357,3511,0,1,1.32,0.0,0.0,,0.00131282299689097,0.0338365138137283,0.00131282299689097,0.0,0.0,39.01111111111111,349.0,331.0,348.0,279.0,331.0,,1.7,True
B. van Zijl,VVV Venlo,9,9,8.01247718930245,8.01247718930245,4,3.73195978999137,1479,44,21,0.769,0.48757467683382,0.48757467683382,0.182101754302328,0.227096944624221,0.0467951318458418,0.714671621458041,0.9875228106975502,2.6774847870182557,16.433333333333334,6.0,10.0,29.0,225.0,43.0,26.0,98.6,True
D. Zandbergen,VVV Venlo,15,13,14.1172407250107,12.5372407250106,3,4.66875011101365,2739,77,29,1.513,0.463874284501993,0.411957526561136,0.183340788636502,0.153409094556856,0.0497152245345016,0.565366621117992,0.4627592749894003,2.5301204819277108,30.433333333333334,23.0,21.0,99.0,213.0,49.0,25.0,93.8,True
J. Triep,VVV Venlo,3,3,5.34107354283333,5.34107354283333,2,2.41638951748609,1413,37,15,0.302,0.340195767059448,0.340195767059448,0.144353338995495,0.153910160349433,0.0192356687898089,0.494105927408881,-2.34107354283333,2.356687898089172,15.7,45.0,33.0,98.0,315.0,64.0,67.0,87.6,True
L. Kromah,VVV Venlo,1,1,4.15599346533417,4.15599346533417,1,3.37770682200789,1595,25,26,1.225,0.23450746826337,0.23450746826337,0.166239738613367,0.190591607511417,0.0691222570532915,0.425099075774787,-3.15599346533417,1.4106583072100314,17.72222222222222,66.0,80.0,60.0,153.0,133.0,46.0,81.6,True
N. Matoug,VVV Venlo,2,2,1.45779716223479,1.45779716223479,1,3.50104122981429,1087,15,23,1.06,0.120700777001961,0.120700777001961,0.0971864774823193,0.28987461884387,0.0877644894204232,0.410575395845831,0.5422028377652099,1.2419503219871206,12.077777777777778,70.0,154.0,9.0,106.0,156.0,173.0,80.5,True
N. Ait Mouhou,VVV Venlo,4,4,7.10092630982399,7.10092630982399,1,2.75645568221807,2404,59,28,1.916,0.265841667173111,0.265841667173111,0.120354683217356,0.103195096256084,0.0717304492512479,0.369036763429195,-3.10092630982399,2.208818635607321,26.711111111111112,95.0,63.0,166.0,141.0,70.0,105.0,73.4,True
L. de Blok,VVV Venlo,3,2,2.22213963508605,1.43213963508605,5,8.62695242837071,2614,26,63,4.879,0.0765082506341792,0.0493085566785557,0.0854669090417711,0.297025906103047,0.167983932670237,0.34633446278160274,0.56786036491395,0.8951798010711554,29.044444444444444,107.0,246.0,8.0,11.0,200.0,211.0,70.1,True
L. Wehmeyer,VVV Venlo,1,1,2.1957245208323,2.1957245208323,1,2.38776826485992,1254,23,21,1.399,0.157587884270261,0.157587884270261,0.0954662835144478,0.171370928099994,0.100406698564593,0.328958812370255,-1.1957245208323002,1.6507177033492824,13.933333333333334,118.0,124.0,81.0,79.0,114.0,178.0,66.9,True
P. Heise,VVV Venlo,3,2,2.01724495641887,1.22724495641887,2,4.51811387762427,2177,21,31,3.476,0.083395519557969,0.0507358962231045,0.0960592836389939,0.186784680287636,0.143702342673404,0.23752057651074052,0.7727550435811299,0.8681672025723473,24.18888888888889,162.0,244.0,61.0,22.0,204.0,177.0,54.5,True
N. Foor,VVV Venlo,2,2,2.58317051082849,2.58317051082849,6,3.37993149831891,2303,33,30,2.533,0.100948912711491,0.100948912711491,0.0782778942675301,0.132085903104082,0.0989882761615284,0.233034815815573,-0.5831705108284901,1.289622231871472,25.58888888888889,166.0,180.0,121.0,84.0,151.0,232.0,53.4,True
M. Odriss,VVV Venlo,0,0,1.73808401823044,1.73808401823044,1,2.10884572193026,1547,20,19,0.936,0.101116717285546,0.101116717285546,0.086904200911522,0.122686564301049,0.054453781512605,0.22380328158659502,-1.73808401823044,1.1635423400129281,17.18888888888889,170.0,179.0,138.0,195.0,162.0,202.0,52.3,True
D. van Oorschot,VVV Venlo,0,0,1.83504951000213,1.83504951000213,1,1.09501323848962,1289,20,12,0.375,0.128126032505967,0.128126032505967,0.0917524755001065,0.0764555403134723,0.0261830876648565,0.20458157281943928,-1.83504951000213,1.3964313421256787,14.322222222222223,183.0,145.0,211.0,301.0,138.0,189.0,48.6,True
D. Saddiki,VVV Venlo,0,0,1.73939543589949,1.73939543589949,0,0.292258255183697,1181,17,5,0.564,0.132553420178623,0.132553420178623,0.102317378582323,0.0222720092858025,0.0429805249788315,0.1548254294644255,-1.73939543589949,1.2955122777307366,13.122222222222222,214.0,142.0,302.0,245.0,149.0,159.0,39.8,True
Y. Sbai,VVV Venlo,0,0,0.952595192939043,0.952595192939043,0,1.30951293930411,1333,8,7,1.732,0.0643162545870322,0.0643162545870322,0.11907439911738,0.0884142269597676,0.116939234808702,0.1527304815467998,-0.952595192939043,0.5401350337584396,14.811111111111112,216.0,221.0,187.0,50.0,255.0,109.0,39.3,True
L. Verheij,VVV Venlo,1,1,2.23982547968626,2.23982547968626,1,0.242957565933466,1945,13,3,0.653,0.103642310114017,0.103642310114017,0.172294267668174,0.0112422524082324,0.0302159383033419,0.1148845625222494,-1.2398254796862598,0.6015424164524422,21.61111111111111,246.0,174.0,323.0,295.0,245.0,35.0,30.8,True
G. Blancquart,VVV Venlo,3,3,2.94933953881263,2.94933953881263,0,0.180183902382851,2765,20,5,0.35,0.0960002019866679,0.0960002019866679,0.147466976940631,0.00586493714808557,0.0113924050632911,0.10186513913475347,0.05066046118737022,0.650994575045208,30.72222222222222,259.0,184.0,336.0,331.0,233.0,62.0,27.1,True
M. Davis,VVV Venlo,0,0,0.27740091085434,0.27740091085434,0,0.757843036204576,1303,5,8,0.81,0.0191604619930089,0.0191604619930089,0.055480182170868,0.0523452595997021,0.0559478127398312,0.071505721592711,-0.27740091085434,0.34535686876438987,14.477777777777778,288.0,306.0,250.0,189.0,296.0,311.0,18.9,True
J. Eijgenraam,VVV Venlo,1,1,0.815247869119048,0.815247869119048,0,0.469528775662184,2088,14,9,0.303,0.0351399943585797,0.0351399943585797,0.0582319906513606,0.0202383092957838,0.0130603448275862,0.0553783036543635,0.184752130880952,0.603448275862069,23.2,303.0,275.0,311.0,329.0,243.0,298.0,14.7,True
T. Joosten,VVV Venlo,0,0,0.464827865362167,0.464827865362167,0,0.312390930950641,1316,7,7,1.289,0.0317891397284157,0.0317891397284157,0.0664039807660239,0.021364121417597,0.0881534954407295,0.053153261146012695,-0.464827865362167,0.4787234042553192,14.622222222222222,307.0,284.0,306.0,104.0,268.0,275.0,13.6,True
Y. Schoonderwaldt,VVV Venlo,0,0,0.0,0.0,1,0.782201446592808,3597,0,3,1.941,0.0,0.0,,0.0195713456195031,0.0485654712260217,0.0195713456195031,0.0,0.0,39.96666666666667,330.0,331.0,313.0,219.0,331.0,,7.1,True
N. Bannis,Vitesse,9,9,7.55493428371846,7.55493428371846,4,2.91738978400827,1536,46,24,0.487,0.442671930686629,0.442671930686629,0.164237701819967,0.170940807656735,0.02853515625,0.613612738343364,1.4450657162815403,2.6953125,17.066666666666666,15.0,14.0,83.0,297.0,41.0,47.0,96.0,True
N. Zonneveld,Vitesse,9,9,5.17108993977306,5.17108993977306,5,4.69841575436294,1479,40,27,1.871,0.314670787410126,0.314670787410126,0.129277248494327,0.285907652395311,0.113853955375254,0.600578439805437,3.8289100602269404,2.434077079107505,16.433333333333334,18.0,38.0,11.0,51.0,54.0,84.0,95.2,True
Joâo Pinto,Vitesse,6,6,8.03109948709607,8.03109948709607,3,2.01902936585248,1744,49,19,0.377,0.414448941421242,0.414448941421242,0.163899989532573,0.104193029201103,0.0194552752293578,0.518641970622345,-2.0310994870960695,2.5286697247706424,19.377777777777776,36.0,19.0,163.0,314.0,51.0,49.0,90.1,True
A. Tahaui,Vitesse,5,5,6.31871527805925,6.31871527805925,10,9.04863880760968,2943,78,69,3.238,0.193232883121078,0.193232883121078,0.0810091702315288,0.27671678310733,0.0990214067278287,0.469949666228408,-1.3187152780592504,2.385321100917431,32.7,50.0,97.0,14.0,83.0,62.0,224.0,86.2,True
D. Hoogewerf,Vitesse,8,8,6.16091374494135,6.16091374494135,3,5.6243214868009,2834,74,46,2.927,0.195653576938857,0.195653576938857,0.0832555911478561,0.178612891253381,0.0929534227240649,0.37426646819223797,1.8390862550586498,2.3500352858151023,31.488888888888887,91.0,96.0,70.0,90.0,65.0,216.0,74.6,True
E. Huth,Vitesse,4,4,6.868822189942,6.078822189942,4,1.95674366503954,2214,42,22,0.107,0.279220414225285,0.247106593087073,0.16354338547481,0.0795424254081114,0.00434959349593496,0.3266490184951844,-2.0788221899419996,1.7073170731707317,24.6,122.0,73.0,203.0,338.0,104.0,50.0,65.8,True
A. Büttner,Vitesse,6,3,5.26892472788692,2.10892472788692,3,6.60188939794898,2614,36,65,3.837,0.181409038068027,0.0726102622455328,0.146359020219081,0.227303001459605,0.132107880642693,0.2999132637051378,0.8910752721130799,1.2394797245600613,29.044444444444444,134.0,209.0,28.0,32.0,157.0,66.0,62.4,True
R. Schwarz,Vitesse,1,1,2.19541911408305,2.19541911408305,2,2.4653397295624,1933,27,25,0.955,0.10221816878814,0.10221816878814,0.081311819040113,0.114785605618529,0.0444645628556648,0.21700377440666901,-1.19541911408305,1.2571132953957578,21.477777777777778,176.0,176.0,144.0,240.0,155.0,222.0,50.6,True
M. Schikora,Vitesse,6,6,3.83416995964944,3.83416995964944,2,2.72299073450267,3144,36,22,2.499,0.109756773654087,0.109756773654087,0.106504721101373,0.0779482080487406,0.0715362595419847,0.1877049817028276,2.16583004035056,1.0305343511450382,34.93333333333333,197.0,167.0,207.0,142.0,177.0,146.0,44.6,True
M. Marschalk,Vitesse,2,2,1.92894340492784,1.92894340492784,3,2.20547663047909,2506,37,18,1.892,0.0692757008952536,0.0692757008952536,0.0521336055385903,0.0792070617490497,0.0679489225857941,0.14848276264430332,0.07105659507216,1.3288108539505188,27.844444444444445,222.0,212.0,204.0,154.0,146.0,316.0,37.6,True
M. Steffen,Vitesse,1,1,1.46453789249063,1.46453789249063,1,0.837458090856671,1573,12,3,0.824,0.0837942850121784,0.0837942850121784,0.122044824374219,0.0479155932467262,0.0471455816910362,0.1317098782589046,-0.46453789249063004,0.6865861411315957,17.477777777777778,231.0,200.0,259.0,223.0,224.0,100.0,35.0,True
X. Thenu,Vitesse,0,0,0.54232662729919,0.54232662729919,1,0.949491646140814,1022,6,7,1.134,0.0477587049480696,0.0477587049480696,0.0903877712165317,0.0836147242198369,0.0998630136986302,0.1313734291679065,-0.54232662729919,0.5283757338551859,11.355555555555556,232.0,253.0,198.0,81.0,256.0,194.0,34.7,True
V. Zumberi,Vitesse,2,2,2.65458481013775,2.65458481013775,1,0.241079580038786,3178,17,4,1.574,0.075177039934675,0.075177039934675,0.156152047655162,0.00682730088215568,0.0445752045311517,0.08200434081683068,-0.65458481013775,0.4814348646947766,35.31111111111111,275.0,207.0,332.0,239.0,267.0,53.0,22.6,True
N. Markelo,Vitesse,0,0,0.680076073855162,0.680076073855162,0,1.23932353034616,2189,6,14,1.058,0.0279610994275763,0.0279610994275763,0.113346012309194,0.0509543708228206,0.0434993147555962,0.0789154702503969,-0.680076073855162,0.2466879853814527,24.322222222222223,280.0,292.0,253.0,243.0,309.0,129.0,21.2,True
S. Bonnah,Vitesse,0,0,0.369181068614125,0.369181068614125,1,1.04906653240323,1696,6,9,0.74,0.0195909765184382,0.0195909765184382,0.0615301781023542,0.0556698041959261,0.0392688679245283,0.0752607807143643,-0.369181068614125,0.31839622641509435,18.844444444444445,286.0,304.0,246.0,264.0,300.0,284.0,19.5,True
O. Achouitar,Vitesse,1,1,0.826330341398716,0.826330341398716,3,0.991040326654911,2203,10,10,1.373,0.0337583888905513,0.0337583888905513,0.0826330341398716,0.0404873487966146,0.0560916931457104,0.0742457376871659,0.17366965860128403,0.4085338175215615,24.477777777777778,287.0,277.0,269.0,188.0,288.0,218.0,19.2,True
M. Brüll,Vitesse,0,0,0.0,0.0,0,0.311563223600388,1427,0,1,0.296,0.0,0.0,,0.0196500981948388,0.0186685353889278,0.0196500981948388,0.0,0.0,15.855555555555556,329.0,331.0,312.0,318.0,331.0,,7.3,True
C. van den Berg,Vitesse,0,0,0.0,0.0,0,0.0697563961148262,2208,0,1,0.768,0.0,0.0,,0.00284333136337607,0.031304347826087,0.00284333136337607,0.0,0.0,24.533333333333335,345.0,331.0,344.0,288.0,331.0,,2.8,True
N. Doodeman,Willem II,6,6,5.88157442957163,5.88157442957163,17,20.903176650405,3253,47,131,7.312,0.162724161900229,0.162724161900229,0.125139881480247,0.578323362599585,0.202299415923763,0.7410475244998139,0.11842557042836965,1.3003381494005533,36.144444444444446,4.0,122.0,1.0,5.0,148.0,93.0,99.2,True
D. Haen,Willem II,18,17,19.7298861080407,18.9398861080407,4,3.9684015288949,3011,114,34,0.543,0.589734224418353,0.566120806949074,0.173069176386322,0.118617116439901,0.016230488209897,0.684737923388975,-1.9398861080406995,3.407505812022584,33.455555555555556,8.0,5.0,141.0,326.0,11.0,34.0,98.0,True
T. Verheydt,Willem II,11,10,10.2138303610682,8.63383036106825,3,3.04573698341846,1589,61,18,-0.052,0.578505180928975,0.489014935491593,0.167439841984725,0.172508702647993,-0.0029452485840151,0.6615236381395859,1.3661696389317495,3.4550031466331026,17.655555555555555,10.0,9.0,78.0,343.0,8.0,44.0,97.5,True
S. Bamba,Willem II,0,0,3.68084571138024,3.68084571138024,1,2.62948558479548,1151,43,15,1.351,0.287815911402451,0.287815911402451,0.0856010630553544,0.205607039645172,0.105638575152042,0.493422951047623,-3.68084571138024,3.3622936576889657,12.78888888888889,46.0,53.0,46.0,66.0,14.0,209.0,87.3,True
A. Culum,Willem II,4,4,3.2884916998446,3.2884916998446,3,2.48857690393925,1084,27,12,0.9,0.273029753677135,0.273029753677135,0.121795988883133,0.206616163611192,0.0747232472324723,0.479645917288327,0.7115083001553999,2.2416974169741697,12.044444444444444,49.0,56.0,44.0,131.0,69.0,101.0,86.4,True
M. El Allouchi,Willem II,3,3,5.95799503102899,5.95799503102899,3,3.67506118491291,1865,68,38,2.499,0.287517186483973,0.287517186483973,0.0876175739857204,0.177348797127165,0.120595174262735,0.464865983611138,-2.9579950310289904,3.2815013404825737,20.72222222222222,51.0,54.0,71.0,45.0,16.0,200.0,85.9,True
C. Twigt,Willem II,2,2,2.0073069408536,2.0073069408536,2,2.15957013703882,1184,17,17,1.366,0.152582453274345,0.152582453274345,0.118076878873741,0.164156513795181,0.103834459459459,0.316738967069526,-0.0073069408536001745,1.2922297297297298,13.155555555555555,127.0,127.0,91.0,69.0,150.0,114.0,64.4,True
U. van Aalst,Willem II,1,1,4.25750968046486,4.25750968046486,2,2.7743954770267,2244,29,25,0.546,0.170755735847521,0.170755735847521,0.146810678636719,0.111272545870055,0.0218983957219251,0.282028281717576,-3.2575096804648602,1.1631016042780749,24.933333333333334,145.0,110.0,152.0,308.0,163.0,65.0,59.3,True
P. van Loon,Willem II,1,1,1.42261946946383,1.42261946946383,2,0.940580638125539,961,11,11,0.816,0.133231792145416,0.133231792145416,0.12932904267853,0.0880876768275739,0.076420395421436,0.2213194689729899,-0.4226194694638301,1.0301768990634756,10.677777777777777,174.0,140.0,189.0,126.0,178.0,83.0,51.1,True
N. Tjoe-A-On,Willem II,0,0,3.25719517096877,3.25719517096877,1,3.01142792776227,2801,28,32,3.201,0.104658181145016,0.104658181145016,0.11632839896317,0.0967613400566242,0.102852552659764,0.2014195212016402,-3.25719517096877,0.8996786861835059,31.122222222222224,186.0,172.0,174.0,73.0,199.0,120.0,47.7,True
A. Ciranni,Willem II,0,0,0.496212869882584,0.496212869882584,2,2.18694472685456,1492,11,18,2.491,0.0299324117221398,0.0299324117221398,0.0451102608984167,0.131920258322326,0.150261394101877,0.1618526700444658,-0.496212869882584,0.663538873994638,16.57777777777778,210.0,288.0,122.0,17.0,229.0,324.0,41.0,True
F. Stam,Willem II,1,1,1.26431496627629,1.26431496627629,0,0.902537144720554,1252,11,7,1.027,0.0908852611540464,0.0908852611540464,0.114937724206935,0.0648788682307107,0.0738258785942492,0.1557641293847571,-0.26431496627629003,0.7907348242811502,13.911111111111111,213.0,189.0,224.0,136.0,211.0,122.0,40.1,True
A. Zarrouk,Willem II,0,0,0.386534702032804,0.386534702032804,0,0.937975168228149,912,6,5,0.286,0.038144871911132,0.038144871911132,0.0644224503388007,0.0925633389698831,0.0282236842105263,0.13070821088101509,-0.386534702032804,0.5921052631578948,10.133333333333333,233.0,269.0,180.0,298.0,247.0,281.0,34.5,True
R. Behounek,Willem II,2,2,2.44674060493708,2.44674060493708,1,1.57521604746581,3299,17,18,2.577,0.0667495163517239,0.0667495163517239,0.143925917937475,0.0429734599187399,0.0703031221582298,0.10972297627046379,-0.4467406049370801,0.4637769020915429,36.65555555555556,250.0,214.0,266.0,149.0,272.0,68.0,29.7,True
G. Besselink,Willem II,1,1,1.90623267926276,1.90623267926276,1,1.64610874280334,2929,9,12,1.216,0.0585732130876232,0.0585732130876232,0.211803631029196,0.0505803300963812,0.0373642881529532,0.1091535431840044,-0.90623267926276,0.27654489586889724,32.544444444444444,251.0,226.0,254.0,272.0,303.0,12.0,29.4,True
J. Hoogma,Willem II,2,2,1.40179155766964,1.40179155766964,2,0.540473844856024,2898,6,10,2.96,0.0435338993065105,0.0435338993065105,0.233631926278273,0.0167849020141622,0.0919254658385093,0.0603188013206727,0.59820844233036,0.18633540372670807,32.2,298.0,261.0,317.0,94.0,317.0,5.0,16.1,True
T. Didillon-Hödl,Willem II,0,0,0.0,0.0,0,0.0448033846914768,3293,0,1,1.691,0.0,0.0,,0.001224507932655,0.0462162162162162,0.001224507932655,0.0,0.0,36.58888888888889,350.0,331.0,349.0,227.0,331.0,,1.4,True
