team,matches,openplay_for,openplay_against,openplay_xgd,setpiece_for,setpiece_against,setpiece_xgd,setpiece_wide_for,setpiece_wide_against,setpiece_wide_xgd,corner_for,corner_against,corner_xgd,indirectfk_for,indirectfk_against,indirectfk_xgd,directfk_for,directfk_against,directfk_xgd,throwin_for,throwin_against,throwin_xgd,penalty_for,penalty_against,penalty_xgd,total_xgd,div,season,openplay_for_p90,openplay_against_p90,openplay_xgd_p90,setpiece_for_p90,setpiece_against_p90,setpiece_xgd_p90,setpiece_wide_for_p90,setpiece_wide_against_p90,setpiece_wide_xgd_p90,corner_for_p90,corner_against_p90,corner_xgd_p90,indirectfk_for_p90,indirectfk_against_p90,indirectfk_xgd_p90,directfk_for_p90,directfk_against_p90,directfk_xgd_p90,throwin_for_p90,throwin_against_p90,throwin_xgd_p90,total_xgd_p90
AZ II,38,43.67147587053478,44.303299652412534,-0.6318237818777561,7.148824809119105,15.150100607424974,-8.001275798305869,7.243918797001243,16.27725888043642,-9.033340083435178,4.7348997462540865,10.855155821889639,-6.120256075635552,1.4738620296120644,3.566105417907238,-2.0922433882951736,0.9400630332529545,0.7288393676280975,0.21122366562485695,0.0950939878821373,1.127158273011446,-1.0320642851293087,1.58,6.32,-4.74,-14.405163865312929,KKD,2020-21,1.1492493650140732,1.1658763066424351,-0.016626941628362004,0.1881269686610291,0.3986868580901309,-0.2105598894291018,0.1906294420263485,0.4283489179062216,-0.2377194758798731,0.12460262490142333,0.2856619953128852,-0.1610593704114619,0.03878584288452801,0.09384487941861153,-0.05505903653408352,0.02473850087507775,0.019179983358634144,0.005558517516443604,0.0025024733653194026,0.029662059816090686,-0.02715958645077128,-0.37908325961349815
Ajax II,38,41.78670474886894,44.89854031801224,-3.1118355691432953,8.193926773965359,14.741686983034015,-6.547760209068656,8.452451042830944,15.349284773692489,-6.896833730861545,5.05209856107831,9.603309528902173,-4.551210967823863,2.1404997147619724,4.620835050940514,-2.480335336178541,1.0013284981250763,0.517542403191328,0.48378609493374825,0.2585242688655853,0.607597790658474,-0.34907352179288864,7.9,5.53,2.37,-7.6386693000048425,KKD,2020-21,1.0996501249702353,1.1815405346845325,-0.08189040971429724,0.2156296519464568,0.3879391311324741,-0.17230947918601727,0.22243292217976168,0.4039285466761181,-0.18149562449635645,0.13294996213363974,0.25271867181321506,-0.11976870967957534,0.05632893986215717,0.12160092239317141,-0.06527198253101424,0.0263507499506599,0.01361953692608758,0.012731213024572322,0.006803270233304877,0.015989415543644053,-0.009186145310339174,-0.20101761315802216
Almere City FC,38,42.74563147127628,33.20916711166501,9.536464359611273,17.253916785120964,12.547071903944016,4.7068448811769485,17.253916785120964,13.06364070251584,4.1902760826051235,9.612844683229923,9.86575099080801,-0.25290630757808685,6.746980462223291,1.7988168150186539,4.9481636472046375,0.8940916396677494,0.8825040981173515,0.011587541550397873,0.0,0.516568798571825,-0.516568798571825,3.95,2.37,1.58,15.306740442216395,KKD,2020-21,1.1248850387177969,0.873925450306974,0.25095958841082294,0.45405044171370956,0.3301861027353688,0.12386433897834075,0.45405044171370956,0.343780018487259,0.11027042322645061,0.25296959692710325,0.259625026073895,-0.006655429146791759,0.17755211742692872,0.04733728460575405,0.13021483282117466,0.023528727359677617,0.023223792055719776,0.00030493530395783876,0.0,0.013593915751890132,-0.013593915751890132,0.4028089590056946
Cambuur Leeuwarden,38,59.13484910875559,30.76454015634954,28.37030895240605,13.58630452491343,10.332419706508517,3.253884818404913,13.621510436758399,10.477632315829396,3.1438781209290028,10.358933417126536,6.025802640244365,4.333130776882172,2.456464122980833,3.9195929504930973,-1.4631288275122643,0.7709069848060608,0.3870241157710552,0.38388286903500557,0.035205911844968796,0.14521260932087898,-0.11000669747591019,10.27,0.79,9.48,40.99418707333506,KKD,2020-21,1.5561802397040945,0.8095931620091984,0.7465870776948961,0.357534329602985,0.2719057817502241,0.08562854785276086,0.3584608009673263,0.27572716620603677,0.08273363476128955,0.27260351097701413,0.15857375369064117,0.11402975728637293,0.06464379271002192,0.10314718290771309,-0.03850339019769117,0.02028702591594897,0.010184845151869874,0.010102180764079094,0.0009264713643412841,0.003821384455812605,-0.002894913091471321,1.0787943966667122
De Graafschap,38,42.77255734242499,27.777346428483725,14.995210913941264,14.262584069743752,8.33682220056653,5.925761869177222,16.683676222339272,8.761223558336496,7.922452664002776,8.772897878661752,5.251152295619249,3.5217455830425024,4.505890619009733,2.472685534507036,2.033205084502697,0.9837955720722675,0.6129843704402447,0.37081120163202286,2.42109215259552,0.4244013577699661,1.996690794825554,3.16,1.58,1.58,24.49766357794404,KKD,2020-21,1.125593614274342,0.7309828007495717,0.3946108135247701,0.37533115973009873,0.21939005790964553,0.1559411018204532,0.4390441111141914,0.23055851469306568,0.20848559642112569,0.23086573364899346,0.13818821830576972,0.09267751534322374,0.11857606892130877,0.06507067196071148,0.053505396960597286,0.025889357159796515,0.016131167643164333,0.00975818951663218,0.06371295138409264,0.01116845678342016,0.052544494600672474,0.6446753573143168
Excelsior,38,51.173173412680626,48.4346110727638,2.7385623399168253,9.686253564432263,8.59381689503789,1.092436669394374,9.686253564432263,8.627960074692965,1.0582934897392988,7.2327594961971045,6.5649963319301605,0.6677631642669439,1.6537967808544636,1.4238730110228062,0.2299237698316574,0.7996972873806953,0.6049475520849228,0.19474973529577255,0.0,0.03414317965507507,-0.03414317965507507,4.74,6.32,-1.58,2.2168558296561187,KKD,2020-21,1.3466624582284374,1.2745950282306264,0.0720674299978112,0.2549014095903227,0.2261530761852076,0.028748333405115102,0.2549014095903227,0.22705158091297276,0.027849828677349968,0.19033577621571326,0.17276306136658318,0.017572714849130103,0.04352096791722273,0.037470342395337,0.006050625521885722,0.02104466545738672,0.015919672423287443,0.005124993034099278,0.0,0.0008985047277651335,-0.0008985047277651335,0.058338311306739964
FC Den Bosch,38,34.986763847991824,54.69334803707898,-19.706584189087152,8.491239627823234,13.505211137235165,-5.013971509411931,8.491239627823234,13.682229541242123,-5.190989913418889,5.09540212713182,8.115252923220396,-3.0198507960885763,2.4953359365463257,4.195863205939531,-1.7005272693932056,0.9005015641450882,1.1940950080752373,-0.2935934439301491,0.0,0.177018404006958,-0.177018404006958,3.95,4.74,-0.79,-25.687574102506034,KKD,2020-21,0.9207043117892585,1.43929863255471,-0.5185943207654514,0.22345367441640088,0.35540029308513593,-0.13194661866873503,0.22345367441640088,0.3600586721379506,-0.13660499772154971,0.13408952966136367,0.21355928745316832,-0.07946975779180464,0.06566673517227173,0.1104174527878824,-0.044750717615610676,0.023697409582765477,0.03142355284408519,-0.007726143261319713,0.0,0.004658379052814685,-0.004658379052814685,-0.6759887921712114
FC Dordrecht,38,31.32045312039554,56.888057980686426,-25.567604860290885,8.329588467255235,14.042629919946194,-5.713041452690959,8.59634348936379,14.3438531011343,-5.747509611770511,4.377718852832913,10.338162794709206,-5.960443941876292,3.3545551523566246,2.1857101023197174,1.1688450500369072,0.5973144620656967,1.5187570229172707,-0.9214425608515739,0.26675502210855484,0.30122318118810654,-0.0344681590795517,2.37,7.11,-4.74,-36.05511447206138,KKD,2020-21,0.8242224505367247,1.4970541573864848,-0.6728317068497601,0.2191996965067167,0.369542892630163,-0.1503431961234463,0.22621956550957342,0.37746981845090266,-0.15125025294132924,0.1152031277061293,0.27205691565024226,-0.15685378794411295,0.0882777671672796,0.05751868690315046,0.030759080264129136,0.01571880163330781,0.03996729007677028,-0.024248488443462474,0.007019869002856706,0.007926925820739646,-0.0009070568178829394,-0.9488188018963521
FC Eindhoven,38,33.92541563883424,37.661638328805566,-3.736222689971328,12.735399439930916,14.11716783978045,-1.381768399849534,12.782188344746828,14.734153976663947,-1.951965631917119,7.293453197926283,8.840750174596906,-1.5472969766706228,4.7775562927126884,3.8754247575998306,0.9021315351128578,0.6643899492919445,1.4009929075837135,-0.736602958291769,0.04678890481591225,0.6169861368834972,-0.570197232067585,2.37,5.53,-3.16,-8.84818832188845,KKD,2020-21,0.8927740957587957,0.9910957454948833,-0.09832164973608758,0.3351420905244978,0.3715044168363276,-0.03636232631182984,0.33637337749333757,0.38774089412273544,-0.05136751662939787,0.19193297889279692,0.23265132038412908,-0.04071834149133218,0.12572516559770233,0.1019848620421008,0.02374030355560152,0.01748394603399854,0.036868234410097726,-0.019384288376099186,0.001231286968839796,0.016236477286407824,-0.015005190317568026,-0.23284706110232764
FC Utrecht II,38,46.42592986859381,53.443519216030836,-7.017589347437024,7.948701120913029,9.354855176061392,-1.4061540551483631,8.430154252797365,9.388662464916706,-0.9585082121193409,5.563499514013529,5.950028296560049,-0.38652878254652023,1.6746960952877998,2.4649970419704914,-0.7903009466826916,0.7105055116117001,0.9398298375308514,-0.2293243259191513,0.48145313188433647,0.033807288855314255,0.4476458430290222,3.16,4.74,-1.58,-9.556097559556363,KKD,2020-21,1.2217349965419424,1.4064084004218642,-0.18467340387992168,0.20917634528718496,0.24618039937003663,-0.03700405408285166,0.22184616454729908,0.2470700648662291,-0.025223900318930025,0.14640788194772444,0.15657969201473812,-0.01017181006701369,0.04407094987599473,0.06486834320974977,-0.020797393333755042,0.018697513463465792,0.02473236414554872,-0.006034850682082929,0.012669819260114118,0.0008896654961924804,0.011780153763921638,-0.2514762515672727
FC Volendam,38,60.96214372292161,42.594395365566015,18.367748357355595,13.899652821943164,8.910740304738283,4.988912517204881,13.899652821943164,9.151278477162123,4.748374344781041,11.013040946796536,6.33834146335721,4.674699483439326,2.1282812617719173,1.8808704502880573,0.24741081148386002,0.7583306133747101,0.6915283910930157,0.06680222228169441,0.0,0.24053817242383957,-0.24053817242383957,2.37,3.16,-0.79,22.326122702136644,KKD,2020-21,1.6042669400768845,1.1209051411991056,0.4833617988777788,0.36578033741955696,0.23449316591416536,0.1312871715053916,0.36578033741955696,0.24082311782005586,0.12495721959950108,0.2898168670209615,0.16679845956203185,0.12301840745892964,0.05600740162557677,0.04949659079705414,0.006510810828522632,0.019956068773018688,0.01819811555507936,0.0017579532179393266,0.0,0.006329951905890515,-0.006329951905890515,0.5875295447930696
Go Ahead Eagles,38,33.760890018194914,26.674712797626853,7.086177220568061,13.178384901955724,7.623925840482116,5.554459061473608,13.851911464706063,7.623925840482116,6.2279856242239475,8.787064613774419,5.09696782939136,3.6900967843830585,3.791510336101055,1.4933298528194427,2.2981804832816124,0.5998099520802498,1.0336281582713127,-0.4338182061910629,0.6735265627503395,0.0,0.6735265627503395,5.53,3.16,2.37,15.684162844792013,KKD,2020-21,0.8884444741630241,0.7019661262533382,0.18647834790968582,0.3467996026830454,0.20062962738110832,0.14616997530193707,0.36452398591331747,0.20062962738110832,0.16389435853220916,0.23123854246774786,0.13413073235240422,0.09710781011534364,0.09977658779213303,0.03929815402156428,0.060478433770568746,0.01578447242316447,0.027200741007139807,-0.01141626858397534,0.017724383230272093,0.0,0.017724383230272093,0.4127411274945267
Helmond Sport,38,36.4879100676626,53.17381859757006,-16.685908529907465,9.364195486530662,10.013683456927538,-0.6494879703968763,9.808488896116614,10.514001917093992,-0.7055130209773779,6.2436534110456705,6.461176965385675,-0.21752355434000492,2.6104677990078926,3.0182135961949825,-0.4077457971870899,0.5100742764770985,0.53429289534688,-0.024218618869781494,0.44429340958595276,0.5003184601664543,-0.056025050580501556,1.58,3.16,-1.58,-18.97142155088484,KKD,2020-21,0.9602081596753315,1.399311015725528,-0.43910285605019644,0.2464261970139648,0.2635179857086194,-0.01709178869465464,0.25811812884517404,0.27668426097615767,-0.01856613213098363,0.16430666871172817,0.17003097277330725,-0.005724304061579077,0.06869652102652349,0.07942667358407848,-0.010730152557554998,0.013423007275713118,0.014060339351233683,-0.0006373320755205656,0.011691931831209283,0.013166275267538271,-0.0014743434363289883,-0.49924793554960106
MVV,38,33.30685284361243,39.76562169753015,-6.458768853917718,8.861395308747888,10.859314005821943,-1.9979186970740557,9.12831031344831,11.150014035403728,-2.0217037219554186,6.368281437084079,5.7525490671396255,0.6157323699444532,2.0178706161677837,4.216367810964584,-2.1984971947968006,0.4752432554960251,0.8903971277177334,-0.4151538722217083,0.2669150047004223,0.2907000295817852,-0.023785024881362915,3.95,7.11,-3.16,-11.64047257587314,KKD,2020-21,0.876496127463485,1.0464637288823724,-0.1699676014188873,0.2331946133881023,0.2857714212058406,-0.052576807817738304,0.24021869245916605,0.29342142198430865,-0.05320272952514259,0.16758635360747576,0.15138287018788488,0.016203483419590874,0.05310185832020484,0.11095704765696275,-0.05785518933675791,0.012506401460421713,0.023431503360992985,-0.010925101900571272,0.007024079071063744,0.007650000778468032,-0.0006259217074042873,-0.3063282256808721
NAC Breda,38,39.46812363527715,36.18360076658428,3.284522868692875,13.49781447649002,10.319899065420032,3.177915411069989,14.837134759873152,10.679491987451911,4.157642772421241,8.367991242557764,7.094061078503728,1.2739301640540361,4.326409798115492,2.6370855271816254,1.6893242709338665,0.8034134358167648,0.5887524597346783,0.21466097608208656,1.339320283383131,0.3595929220318794,0.9797273613512516,8.690000000000001,3.95,4.740000000000001,12.18216564111411,KKD,2020-21,1.0386348325072934,0.9522000201732704,0.08643481233402302,0.3552056441181584,0.271576291195264,0.08362935292289446,0.390450914733504,0.2810392628276819,0.10941165190582212,0.22021029585678326,0.18668581785536126,0.033524478001422005,0.11385288942409189,0.0693969875574112,0.0444559018666807,0.021142458837283284,0.015493485782491533,0.005648973054791752,0.035245270615345554,0.009462971632417879,0.025782298982927675,0.3205833063451082
Nijmegen Eendracht Combinatie,38,45.30653826147318,30.849769935011864,14.456768326461315,12.13645195029676,12.598933946341276,-0.46248199604451656,12.424793550744653,13.314016748219728,-0.8892231974750757,8.627997701987624,8.866359122097492,-0.23836142010986805,1.9712629541754723,2.880686718970537,-0.9094237647950649,1.5371912941336632,0.8518881052732468,0.6853031888604164,0.28834160044789314,0.7150828018784523,-0.42674120143055916,4.74,3.95,0.79,14.357545128986231,KKD,2020-21,1.192277322670347,0.8118360509213648,0.38044127174898196,0.3193803144814937,0.33155089332477045,-0.012170578843276752,0.3269682513353856,0.350368861795256,-0.023400610459870415,0.22705257110493748,0.23332524005519717,-0.0062726689502596855,0.051875340899354534,0.07580754523606677,-0.023932204336712237,0.040452402477201665,0.022418108033506495,0.01803429444369517,0.007587936853891925,0.018817968470485585,-0.011230031616593661,0.3778301349733219
PSV II,38,31.942899527028203,44.25008029490709,-12.30718076787889,7.241783317178488,11.802401266992092,-4.560617949813604,7.241783317178488,11.872794564813375,-4.631011247634888,3.823151972144842,7.3904750645160675,-3.5673230923712254,2.5665792003273964,3.6521025709807873,-1.0855233706533909,0.8520521447062492,0.7598236314952374,0.09222851321101189,0.0,0.07039329782128334,-0.07039329782128334,2.37,2.37,0.0,-16.938192015513778,KKD,2020-21,0.8406026191323211,1.164475797234397,-0.32387317810207605,0.1905732451889076,0.3105895070261077,-0.12001626183720011,0.1905732451889076,0.31244196223193094,-0.12186871704302336,0.10060926242486427,0.19448618590831757,-0.09387692348345329,0.06754155790335253,0.09610796239423125,-0.028566404490878706,0.02242242486069077,0.019995358723558877,0.0024270661371318916,0.0,0.0018524552058232458,-0.0018524552058232458,-0.44574189514509943
Roda JC,38,40.761380257084966,34.256106931716204,6.505273325368762,11.69649239256978,6.340020630508661,5.356471762061119,11.69649239256978,6.340020630508661,5.356471762061119,8.359297666698694,3.399559523910284,4.95973814278841,2.8339621387422085,1.9540286771953106,0.8799334615468979,0.5032325871288776,0.9864324294030666,-0.483199842274189,0.0,0.0,0.0,6.32,5.53,0.79,12.65174508742988,KKD,2020-21,1.072667901502236,0.901476498203058,0.17119140329917795,0.3078024313834153,0.16684264817128056,0.1409597832121347,0.3078024313834153,0.16684264817128056,0.1409597832121347,0.2199815175447025,0.08946209273448116,0.13051942481022133,0.0745779510195318,0.05142180729461344,0.023156143724918365,0.013242962819180991,0.025958748142185965,-0.012715785323004974,0.0,0.0,0.0,0.33294066019552315
TOP Oss,38,37.489037588238716,39.34218074567616,-1.8531431574374437,9.932770857587457,10.913716310635209,-0.9809454530477524,10.069695061072707,11.86231485195458,-1.7926197908818722,5.494022553786635,7.351643206551671,-1.8576206527650356,3.208467025309801,2.6810728944838047,0.5273941308259964,1.2302812784910202,0.8810002095997334,0.34928106889128685,0.13692420348525047,0.9485985413193703,-0.8116743378341198,3.95,6.32,-2.37,-6.015762948319306,KKD,2020-21,0.9865536207431241,1.0353205459388464,-0.048766925195722205,0.2613887067786173,0.28720306080618974,-0.02581435402757243,0.264991975291387,0.3121661803145942,-0.04717420502320716,0.14457954088912198,0.19346429490925451,-0.048884754020132516,0.08443334277131055,0.07055454985483696,0.013878792916473589,0.032375823118184745,0.023184216042098246,0.009191607076086496,0.003603268512769749,0.02496311950840448,-0.02135985099563473,-0.15830955127156068
Telstar,38,32.752615651115775,41.016990568488836,-8.264374917373061,13.238355744630098,10.579619243741035,2.658736500889063,13.945782892405987,10.931939590722322,3.0138433016836643,10.316374260932207,6.333888161927462,3.9824860990047455,1.915803499519825,3.7125898487865925,-1.7967863492667675,1.0061779841780663,0.5331412330269814,0.4730367511510849,0.7074271477758884,0.352320346981287,0.35510680079460144,1.58,0.79,0.79,-4.460531615689398,KKD,2020-21,0.8619109381872573,1.079394488644443,-0.21748355045718581,0.3483777827534236,0.27841103273002726,0.06996675002339639,0.3669942866422628,0.28768262080848217,0.07931166583378065,0.2714835331824265,0.1666812674191437,0.10480226576328278,0.05041588156631118,0.09769973286280506,-0.04728385129649388,0.026478368004685955,0.014030032448078456,0.012448335556607498,0.01861650388883917,0.00927158807845492,0.009344915810384248,-0.11738241093919467
ADO Den Haag,38,49.43361994996667,35.99258992634714,13.441030023619533,10.142843425273895,6.021452076733112,4.121391348540783,10.218972250819206,6.021452076733112,4.197520174086094,6.267453037202358,4.381696805357933,1.8857562318444252,3.415158726274967,1.1731851920485497,2.2419735342264175,0.4602316617965698,0.46657007932662964,-0.0063384175300598145,0.07612882554531097,0.0,0.07612882554531097,7.11,3.95,3.16,20.798550197705616,KKD,2021-22,1.3008847355254387,0.9471734191143983,0.3537113164110403,0.2669169322440499,0.15845926517718717,0.1084576670668627,0.2689203223899791,0.15845926517718717,0.11046105721279194,0.16493297466321996,0.11530781066731403,0.04962516399590593,0.08987259805986755,0.030873294527593412,0.058999303532274144,0.012111359520962364,0.012278159982279727,-0.00016680046131736353,0.002003390145929236,0.0,0.002003390145929236,0.5473302683606741
AZ II,38,35.075045350939035,44.87588615715504,-9.800840806216002,6.447970271110535,13.507635368034244,-7.059665096923709,6.447970271110535,13.507635368034244,-7.059665096923709,3.9711078591644764,11.05526696704328,-7.084159107878804,1.7919826842844486,2.0797765627503395,-0.2877938784658909,0.6848797276616096,0.3725918382406235,0.3122878894209862,0.0,0.0,0.0,3.95,4.74,-0.79,-17.65050590313971,KKD,2021-22,0.9230275092352378,1.1809443725567115,-0.25791686332147373,0.16968342818711935,0.3554640886324801,-0.18578066044536076,0.16968342818711935,0.3554640886324801,-0.18578066044536076,0.10450283839906517,0.2909280780800863,-0.18642523968102118,0.047157439060117066,0.054730962177640514,-0.0075735231175234445,0.018023150727937098,0.00980504837475325,0.008218102353183846,0.0,0.0,0.0,-0.464486997451045
Ajax II,38,55.450332241132855,46.738856226205826,8.71147601492703,7.3432241305708885,12.385858837515116,-5.042634706944227,7.3756991401314735,12.418575130403042,-5.042875990271568,4.590361148118973,7.356509417295456,-2.766148269176483,1.753014124929905,4.068694774061441,-2.3156806491315365,0.9998488575220108,0.9606546461582184,0.03919421136379242,0.03247500956058502,0.0327162928879261,-0.0002412833273410797,11.849999999999998,3.16,8.689999999999998,12.358600024655459,KKD,2021-22,1.4592192695034962,1.229969900689627,0.2292493688138692,0.19324274027818128,0.32594365361881883,-0.13270091334063755,0.1940973457929335,0.32680460869481687,-0.13270726290188337,0.12079897758207823,0.1935923530867225,-0.07279337550464429,0.04613195065605013,0.10707091510688004,-0.060938964450829906,0.026311812040052916,0.025280385425216274,0.0010314266148366425,0.0008546055147522374,0.0008609550759980553,-6.3495612458178875e-06,0.3252263164383016
Almere City FC,38,43.41011431068182,36.23531710356474,7.174797207117081,11.741363445296884,8.527942534536123,3.2134209107607603,12.165777267888188,8.527942534536123,3.637834733352065,7.927619190886617,4.911412321031094,3.016206869855523,3.0600035674870014,2.9205717779695988,0.13943178951740265,0.7537406869232655,0.6959584355354309,0.05778225138783455,0.4244138225913048,0.0,0.4244138225913048,3.16,3.16,0.0,10.812631940469146,KKD,2021-22,1.142371429228469,0.9535609764095984,0.18881045281887054,0.3089832485604443,0.22441954038252956,0.08456370817791474,0.32015203336547865,0.22441954038252956,0.09573249298294909,0.20862155765491097,0.129247692658713,0.07937386499619797,0.08052640967071056,0.07685715205183155,0.003669257618879017,0.019835281234822776,0.018314695671985026,0.0015205855628377513,0.011168784805034337,0.0,0.011168784805034337,0.2845429458018196
De Graafschap,38,45.50368172302842,31.61134190298617,13.892339820042253,15.072319228202105,4.995388872921467,10.076930355280638,15.612413346767426,4.995388872921467,10.617024473845959,10.28135995939374,3.5153560005128384,6.766003958880901,4.161824129521847,1.1419601142406464,3.0198640152812004,0.6291351392865181,0.3380727581679821,0.291062381118536,0.540094118565321,0.0,0.540094118565321,3.16,1.58,1.58,26.08936429388821,KKD,2021-22,1.1974653085007478,0.831877418499636,0.3655878900011119,0.3966399796895291,0.13145760191898598,0.2651823777705431,0.4108529828096691,0.13145760191898598,0.2793953808906831,0.2705621041945721,0.09250936843454838,0.17805273576002373,0.10952168761899597,0.03005158195370122,0.07947010566529475,0.016556187875961,0.008896651530736372,0.007659536345224632,0.014213003120140025,0.0,0.014213003120140025,0.686562218260216
Excelsior,38,54.971855552867055,42.716065211221576,12.25579034164548,11.073247158899903,8.93094077706337,2.1423063818365335,11.073247158899903,9.189903236925602,1.8833439219743013,7.186526162549853,7.062285218387842,0.12424094416201115,3.2524908408522606,1.0313187539577484,2.221172086894512,0.6342301554977894,0.8373368047177792,-0.20310664921998978,0.0,0.2589624598622322,-0.2589624598622322,3.95,3.95,0.0,14.139134263619773,KKD,2021-22,1.4466277777070278,1.124106979242673,0.3225207984643547,0.29140124102368165,0.2350247572911413,0.05637648373254036,0.29140124102368165,0.24183955886646322,0.049561682157218456,0.18911910954078562,0.18584961101020636,0.0032694985305792407,0.08559186423295423,0.02713996720941443,0.05845189702353979,0.016690267249941826,0.022035179071520503,-0.005344911821578678,0.0,0.0068148015753219,-0.0068148015753219,0.372082480621573
FC Den Bosch,38,35.07479041814804,51.45578834414482,-16.38099792599678,9.658467385917902,10.163882907480001,-0.5054155215620995,9.711477156728506,10.32616713643074,-0.6146899797022343,6.406754497438669,5.815911337733269,0.5908431597054005,2.6043743155896664,3.6218229979276657,-1.0174486823379993,0.6473385728895664,0.726148571819067,-0.07880999892950058,0.053009770810604095,0.1622842289507389,-0.10927445814013481,0.79,1.58,-0.79,-17.785687905699014,KKD,2021-22,0.9230208004775801,1.3540996932669689,-0.43107889278938893,0.2541701943662606,0.2674706028284211,-0.013300408462160513,0.25556518833496067,0.2717412404323879,-0.01617605209742722,0.1685988025641755,0.1530502983614018,0.015548504202773697,0.06853616619972806,0.09531113152441226,-0.026774965324684194,0.017035225602357013,0.019109172942607028,-0.0020739473402500153,0.0013949939687001077,0.004270637603966813,-0.0028756436352667058,-0.4680444185710267
FC Dordrecht,38,35.231328666210175,52.711782617494464,-17.48045395128429,6.844199124723673,11.388574063777924,-4.544374939054251,7.3962563425302505,11.388574063777924,-3.992317721247673,4.3966639786958694,8.503426264971495,-4.106762286275625,1.7674074284732342,1.875478733330965,-0.10807130485773087,0.6801277175545692,1.0096690654754639,-0.3295413479208946,0.5520572178065777,0.0,0.5520572178065777,0.79,7.11,-6.32,-27.792771672531963,KKD,2021-22,0.9271402280581625,1.3871521741445911,-0.46001194608642865,0.1801105032822019,0.2996993174678401,-0.11958881418563817,0.19463832480342766,0.2996993174678401,-0.10506099266441245,0.11570168364989131,0.2237743753939867,-0.1080726917440954,0.04651072180192722,0.04935470350870961,-0.002843981706782391,0.017898097830383403,0.026570238565143785,-0.008672140734760385,0.014527821521225729,0.0,0.014527821521225729,-0.7313887282245254
FC Eindhoven,38,44.36144735477865,31.650387248024344,12.711060106754303,11.222139734774828,7.054404383525252,4.167735351249576,11.222139734774828,7.161426415666938,4.06071331910789,6.687229625880718,5.132871532812715,1.5543580930680037,3.9300385005772114,1.2601368315517902,2.669901669025421,0.6048716083168983,0.6613960191607475,-0.05652441084384918,0.0,0.10702203214168549,-0.10702203214168549,3.95,2.37,1.58,18.35177342586219,KKD,2021-22,1.1674065093362802,0.832904927579588,0.3345015817566922,0.29531946670460074,0.18564222061908559,0.10967724608551514,0.29531946670460074,0.18845858988597206,0.10686087681862869,0.175979726996861,0.13507556665296616,0.04090416034389483,0.10342206580466345,0.03316149556715237,0.07026057023751109,0.015917673903076274,0.01740515839896704,-0.001487484495890768,0.0,0.00281636926688646,-0.00281636926688646,0.48294140594374185
FC Emmen,38,43.96536071412265,24.66154328547418,19.303817428648472,10.030144542455673,6.416064154356718,3.614080388098955,10.095605324953794,6.702976915985346,3.3926284089684486,7.766469728201628,3.904495608061552,3.8619741201400757,1.4693439342081547,2.054171808063984,-0.5848278738558292,0.7943308800458908,0.4573967382311821,0.3369341418147087,0.06546078249812126,0.2869127616286278,-0.22145197913050652,2.37,0.0,2.37,25.066445837616918,KKD,2021-22,1.1569831766874383,0.648987981196689,0.5079951954907492,0.2639511721698861,0.1688437935357031,0.09510737863418303,0.2656738243408893,0.17639412936803542,0.08927969497285392,0.20438078232109547,0.10274988442267242,0.10163089789842304,0.0386669456370567,0.05405715284378905,-0.015390207206732348,0.020903444211733967,0.012036756269241633,0.008866687942492334,0.001722652171003191,0.00755033583233231,-0.005827683661329119,0.6596433115162347
FC Utrecht II,38,35.557448372244835,45.00120599754155,-9.443757625296712,6.554930008947849,10.310186410322785,-3.755256401374936,6.6009903736412525,10.59248466975987,-3.991494296118617,4.551338192075491,5.0120542626827955,-0.4607160706073046,1.3350660391151905,4.654022127389908,-3.3189560882747173,0.6685257777571678,0.644110020250082,0.0244157575070858,0.046060364693403244,0.2822982594370842,-0.23623789474368095,0.79,3.16,-2.37,-15.805251921415326,KKD,2021-22,0.9357223255853904,1.1842422630931986,-0.2485199375078082,0.17249815813020655,0.2713206950084944,-0.09882253687828779,0.17371027299055927,0.27874959657262816,-0.10503932358206887,0.11977205768619713,0.13189616480744198,-0.012124107121244856,0.0351333168188208,0.12247426651026073,-0.08734094969143993,0.017592783625188627,0.016950263690791632,0.0006425199343969947,0.001212114860352717,0.007428901564133794,-0.006216786703781078,-0.4159276821425086
FC Volendam,38,46.58669923245907,40.50003009662032,6.086669135838747,11.80913514830172,9.393137846142054,2.415997302159667,11.80913514830172,9.600041650235653,2.2090934980660677,8.712726144120097,6.888423807919025,1.8243023362010717,2.400440540164709,1.9663787707686424,0.43406176939606667,0.6959684640169144,0.5383352674543858,0.1576331965625286,0.0,0.20690380409359932,-0.20690380409359932,4.74,5.53,-0.79,7.5057626339048085,KKD,2021-22,1.2259657692752386,1.0657902657005347,0.16017550357470386,0.3107667144289927,0.24718783805636982,0.06357887637262281,0.3107667144289927,0.2526326750062014,0.05813403942279125,0.22928226695052886,0.1812743107347112,0.04800795621581768,0.06316948789907129,0.05174680975706954,0.011422678142001754,0.018314959579392484,0.014166717564589098,0.004148242014803384,0.0,0.005444836949831561,-0.005444836949831561,0.19752006931328445
Helmond Sport,38,33.97611478716135,45.71437117271125,-11.738256385549903,5.814397677779198,12.518486058339477,-6.704088380560279,5.814397677779198,12.55172030813992,-6.7373226303607225,4.580027058720589,7.915081085637212,-3.335054026916623,0.7244646102190018,3.797873228788376,-3.073408618569374,0.5099060088396072,0.8055317439138889,-0.2956257350742817,0.0,0.03323424980044365,-0.03323424980044365,0.79,1.58,-0.79,-19.265579015910625,KKD,2021-22,0.8941082838726672,1.2030097677029277,-0.3089014838302606,0.15301046520471573,0.32943384364051254,-0.1764233784357968,0.15301046520471573,0.3303084291615768,-0.17729796395686112,0.12052702786106813,0.20829160751676873,-0.08776457965570061,0.019064858163657942,0.0999440323365362,-0.08087917417287827,0.013418579179989664,0.021198203787207603,-0.007779624607217939,0.0,0.0008745855210643066,-0.0008745855210643066,-0.5069889214713322
MVV,38,31.129766484722495,59.577591301873326,-28.44782481715083,7.488938923925161,13.346996866166592,-5.85805794224143,7.488938923925161,13.569014579057693,-6.080075655132532,4.569469138979912,8.479710917919874,-3.9102417789399624,2.3168398663401604,3.855785146355629,-1.5389452800154686,0.6026299186050892,1.0115008018910885,-0.4088708832859993,0.0,0.22201771289110184,-0.22201771289110184,2.37,3.95,-1.58,-36.107900472283355,KKD,2021-22,0.8192043811769077,1.567831350049298,-0.7486269688723903,0.19707734010329372,0.35123675963596296,-0.1541594195326692,0.19707734010329372,0.357079331027834,-0.16000199092454032,0.12024918786789242,0.2231502873136809,-0.10290109944578849,0.060969470166846326,0.10146803016725339,-0.040498560000407066,0.01585868206855498,0.026618442155028645,-0.010759760086473665,0.0,0.005842571391871101,-0.005842571391871101,-0.9502079071653514
NAC Breda,38,44.77164074592292,39.12969428114593,5.641946464776993,11.469648653641343,8.600128263235092,2.869520390406251,11.54848081804812,9.057679191231728,2.490801626816392,8.540339080616832,5.961463037878275,2.578876042738557,2.24060994759202,1.705235555768013,0.535374391824007,0.6886996254324913,0.9334296695888042,-0.24473004415631294,0.07883216440677643,0.45755092799663544,-0.378718763589859,2.37,0.79,1.58,9.712748091593383,KKD,2021-22,1.1782010722611296,1.0297287968722613,0.14847227538886823,0.3018328593063511,0.22631916482197612,0.07551369448437502,0.3039073899486347,0.2383599787166244,0.06554741123201031,0.2247457652793903,0.1568806062599546,0.06786515901943571,0.05896341967347421,0.04487461988863192,0.014088799784842291,0.018123674353486614,0.024563938673389584,-0.006440264319902972,0.0020745306422835902,0.0120408138946483,-0.00996628325236471,0.25559863398929955
PSV II,38,36.10946702212095,34.890557296574116,1.2189097255468369,7.854801699519157,12.978440258651972,-5.123638559132814,7.854801699519157,13.185101617127657,-5.3302999176084995,5.29313999414444,9.929473649710417,-4.636333655565977,1.835193570703268,2.5550931058824062,-0.7198995351791382,0.7264681346714497,0.4938735030591488,0.23259463161230087,0.0,0.20666135847568512,-0.20666135847568512,3.95,3.95,0.0,-4.111390192061663,KKD,2021-22,0.9502491321610776,0.9181725604361609,0.03207657172491676,0.20670530788208308,0.34153790154347297,-0.13483259366138986,0.20670530788208308,0.34697635834546464,-0.14027105046338156,0.13929315774064316,0.26130193815027414,-0.12200878040963098,0.048294567650086,0.06723929226006332,-0.01894472460997732,0.019117582491353938,0.012996671133135495,0.006120911358218444,0.0,0.005438456801991714,-0.005438456801991714,-0.10819447873846481
Roda JC,38,47.49467815645039,28.189317975193262,19.30536018125713,16.73768381588161,10.375532640144229,6.362151175737381,16.860574508085847,10.477149119600654,6.383425388485193,12.409948511049151,8.158389640972018,4.251558870077133,3.5614064782857895,1.6270731650292873,1.9343333132565022,0.766328826546669,0.5900698341429234,0.17625899240374565,0.12289069220423698,0.10161647945642471,0.02127421274781227,3.16,0.0,3.16,28.84878556974232,KKD,2021-22,1.2498599514855366,0.741824157241928,0.5080357942436087,0.4404653635758318,0.27304033263537447,0.16742503094045738,0.44369932916015387,0.2757144505158067,0.1679848786443472,0.3265775923960303,0.21469446423610575,0.11188312815992456,0.09372122311278393,0.042817714869191774,0.05090350824359216,0.020166548067017606,0.01552815353007693,0.004638394536940675,0.0032339655843220258,0.0026741178804322295,0.0005598477038897966,0.7591785676247979
TOP Oss,38,37.63591721281409,38.66386584751308,-1.027948634698987,9.686985341832042,12.182020664215088,-2.495035322383046,9.786587147042155,12.227309949696064,-2.4407228026539087,5.482164090499282,10.007830426096916,-4.525666335597634,3.6091684624552727,1.6343460008502007,1.974822461605072,0.5956527888774872,0.539844237267971,0.055808551609516144,0.09960180521011353,0.045289285480976105,0.05431251972913742,1.58,3.95,-2.37,-5.8386714373529,KKD,2021-22,0.9904188740214235,1.017470153881923,-0.02705127986049966,0.2549206668903169,0.32057949116355494,-0.06565882427323806,0.25754176702742515,0.3217713144656859,-0.06422954743826076,0.1442674760657706,0.2633639585814978,-0.11909648251572721,0.09497811743303348,0.0430091052855316,0.051969012147501895,0.01567507339151282,0.014206427296525553,0.0014686460949872669,0.002621100137108251,0.00119182330213095,0.0014292768349773006,-0.15364924835139213
Telstar,38,37.25948735140264,46.8523800894618,-9.592892738059163,14.380240462720394,10.178657559677958,4.201582903042436,14.513084888458252,10.178657559677958,4.3344273287802935,11.355491608381271,5.623301608487964,5.732189999893308,2.586584512144327,3.9020505025982857,-1.3154659904539585,0.4381643421947956,0.6533054485917091,-0.21514110639691353,0.13284442573785782,0.0,0.13284442573785782,2.37,4.74,-2.37,-7.628465409278867,KKD,2021-22,0.9805128250369116,1.2329573707753105,-0.25244454573839903,0.3784273805979051,0.2678594094652094,0.11056797113269567,0.38192328653837504,0.2678594094652094,0.11406387707316562,0.29882872653634923,0.14798162127599904,0.1508471052603502,0.0680680134774823,0.10268553954206015,-0.03461752606457785,0.011530640584073569,0.01719224864715024,-0.005661608063076672,0.0034959059404699425,0.0,0.0034959059404699425,-0.20074908971786493
VVV Venlo,38,37.55797509290278,53.38819865882397,-15.830223565921187,9.929793633520603,12.026743270456791,-2.0969496369361877,10.109394486993551,12.026743270456791,-1.9173487834632397,6.484521251171827,7.845750346779823,-1.361229095607996,2.6467808932065964,3.5372180230915546,-0.8904371298849583,0.7984914891421795,0.643774900585413,0.1547165885567665,0.17960085347294807,0.0,0.17960085347294807,1.58,5.53,-3.95,-21.69757234938443,KKD,2021-22,0.9883677656027047,1.4049525962848413,-0.41658483068213653,0.261310358776858,0.3164932439593892,-0.055182885182531255,0.2660366970261461,0.3164932439593892,-0.05045654693324315,0.17064529608346915,0.20646711438894272,-0.035821818305473575,0.06965212876859464,0.0930846848181988,-0.023432556049604165,0.021012933924794197,0.01694144475224771,0.004071489172546487,0.004726338249288108,0.0,0.004726338249288108,-0.5709887460364323
ADO Den Haag,38,40.336476009339094,38.84593993239105,1.4905360769480467,9.801704969257116,8.168563911691308,1.6331410575658083,10.289971582591534,8.168563911691308,2.1214076709002256,7.649187531322241,5.1975176949054,2.4516698364168406,1.6720412150025368,2.099495369940996,-0.4274541549384594,0.4804762229323387,0.8715508468449116,-0.39107462391257286,0.48826661333441734,0.0,0.48826661333441734,2.37,5.53,-3.16,0.45194374784826863,KKD,2022-23,1.0614862107720815,1.0222615771681856,0.03922463360389596,0.25793960445413466,0.21496220820240283,0.042977396251731796,0.27078872585767194,0.21496220820240283,0.055826517655269095,0.20129440871900633,0.13677678144487895,0.06451762727412738,0.044001084605329914,0.055249878156342004,-0.01124879355101209,0.012644111129798387,0.022935548601181882,-0.010291437471383497,0.012849121403537299,0.0,0.012849121403537299,0.011893256522322858
AZ II,38,37.21593192405999,39.005563555285335,-1.7896316312253475,6.368850469589233,9.39116039685905,-3.0223099272698164,6.368850469589233,9.709736051037908,-3.340885581448674,4.217369478195906,7.447777321562171,-3.2304078433662653,1.6446105688810349,1.5223883502185345,0.12222221866250038,0.5068704225122929,0.42099472507834435,0.08587569743394852,0.0,0.3185756541788578,-0.3185756541788578,7.11,3.95,3.16,-1.970517212674018,KKD,2022-23,0.979366629580526,1.0264621988232983,-0.047095569242772306,0.1676013281470851,0.2471357999173434,-0.07953447177025832,0.1676013281470851,0.25551936976415546,-0.08791804161707037,0.11098340732094489,0.19599414004110977,-0.08501073272016488,0.043279225496869335,0.04006285132154038,0.0032163741753289572,0.013338695329270865,0.011078808554693273,0.0022598867745775926,0.0,0.008383569846812048,-0.008383569846812048,-0.051855716123000474
Ajax II,38,44.601078167557716,52.81060749478638,-8.209529327228665,7.308039443567395,12.384196808561683,-5.0761573649942875,7.697420971468091,12.627898698672652,-4.930477727204561,5.122230598703027,10.21303098462522,-5.0908003859221935,1.0359217897057533,1.711370326578617,-0.6754485368728638,1.1498870551586151,0.4597954973578453,0.6900915578007698,0.3893815279006958,0.24370189011096954,0.14567963778972626,2.37,3.16,-0.79,-13.930007054433226,KKD,2022-23,1.173712583356782,1.389752828810168,-0.21604024545338593,0.19231682746229986,0.32589991601478113,-0.13358308855248124,0.20256370977547608,0.33231312364928034,-0.12974941387380423,0.13479554207113228,0.26876397327961105,-0.1339684312084788,0.02726109972909877,0.04503606122575308,-0.01777496149665431,0.03026018566206882,0.012099881509416982,0.018160304152651838,0.010246882313176206,0.006413207634499199,0.003833674678677007,-0.36657913301140066
Almere City FC,38,37.79559423774481,30.985037211328745,6.810557026416063,9.520792318508029,8.182615609839559,1.3381767086684704,9.624998411163688,8.302734246477485,1.322264164686203,5.842714233323932,5.111215712502599,0.7314985208213329,2.66764085739851,2.4424063973128796,0.22523446008563042,1.0104372277855873,0.6289935000240803,0.38144372776150703,0.10420609265565872,0.1201186366379261,-0.01591254398226738,8.690000000000001,1.58,7.110000000000001,15.242821191102266,KKD,2022-23,0.9946209009932844,0.8153957160875985,0.17922518490568587,0.25054716627652707,0.21533198973261997,0.035215176543907115,0.2532894318727286,0.21849300648624959,0.03479642538647903,0.15375563771905085,0.13450567664480523,0.019249961074245602,0.07020107519469763,0.06427385256086525,0.005927222633832379,0.026590453362778613,0.016552460526949482,0.010037992835829132,0.0027422655962015454,0.0031610167536296344,-0.00041875115742808893,0.40112687345005965
De Graafschap,38,47.09957565739751,35.83092968724668,11.268645970150828,13.033297402784228,7.295135889202356,5.738161513581872,13.104119708761573,7.295135889202356,5.8089838195592165,9.236190991476178,5.18948981910944,4.046701172366738,3.4152470640838146,1.5360234379768372,1.8792236261069775,0.38185934722423553,0.5696226321160793,-0.1877632848918438,0.07082230597734451,0.0,0.07082230597734451,3.16,2.37,0.79,17.867629789710044,KKD,2022-23,1.2394625172999345,0.9429192022959653,0.2965433150039692,0.342981510599585,0.19197726024216727,0.15100425035741769,0.3448452554937256,0.19197726024216727,0.15286799525155834,0.24305765767042575,0.13656552155551158,0.10649213611491416,0.08987492273904775,0.040421669420443083,0.04945325331860467,0.01004893019011146,0.014990069266212614,-0.004941139076101153,0.001863744894140645,0.0,0.001863744894140645,0.470200783939738
FC Den Bosch,38,27.746929874643683,52.32930581830442,-24.582375943660736,8.967880297452211,12.98017187975347,-4.012291582301259,8.967880297452211,13.603929718956351,-4.63604942150414,5.748621679842472,8.230524050071836,-2.4819023702293634,2.6914816088974476,4.045511364936829,-1.354029756039381,0.5277770087122917,0.7041364647448063,-0.17635945603251457,0.0,0.6237578392028809,-0.6237578392028809,0.0,4.74,-4.74,-33.95842536516487,KKD,2022-23,0.7301823651222022,1.3770869952185374,-0.6469046300963351,0.23599684993295292,0.3415834705198282,-0.10558662058687523,0.23599684993295292,0.35799815049885136,-0.12200130056589842,0.15127951789059138,0.21659273815978514,-0.06531322026919377,0.07082846339203809,0.10646082539307444,-0.035632362001036345,0.013888868650323466,0.018529906966968587,-0.00464103831664512,0.0,0.01641467997902318,-0.01641467997902318,-0.8936427727674966
FC Dordrecht,38,30.895863603800535,48.2302326336503,-17.334369029849768,8.055041024461389,12.663717145100236,-4.608676120638847,8.292669286951423,12.824736582115293,-4.53206729516387,7.186196239665151,8.255593525245786,-1.069397285580635,0.5020811446011066,3.6693947948515415,-3.167313650250435,0.3667636401951313,0.7387288250029087,-0.3719651848077774,0.2376282624900341,0.1610194370150566,0.0766088254749775,2.37,4.74,-2.37,-24.236436325013635,KKD,2022-23,0.8130490422052773,1.2692166482539553,-0.4561676060486781,0.21197476380161548,0.33325571434474305,-0.12128095054312756,0.2182281391303006,0.33749306795040246,-0.11926492882010184,0.18911042735960923,0.21725246119067856,-0.028142033831069346,0.013212661700029122,0.09656302091714583,-0.08335035921711671,0.00965167474197714,0.01944023223691865,-0.009788557494941511,0.006253375328685108,0.004237353605659385,0.0020160217230257237,-0.6378009559214114
FC Eindhoven,38,36.273179315030575,33.44118790514767,2.831991409882903,11.142818892374635,9.454958200454712,1.6878606919199228,11.453119920566678,9.546408854424953,1.9067110661417246,7.059743570163846,6.019217699766159,1.040525870397687,3.0037890784442425,2.4684775844216347,0.5353114940226078,1.0792862437665462,0.9672629162669182,0.11202332749962807,0.3103010281920433,0.09145065397024155,0.21885037422180176,3.16,2.37,0.79,5.528702476024627,KKD,2022-23,0.9545573503955415,0.8800312606617808,0.07452608973376061,0.293232076115122,0.2488146894856503,0.04441738662947165,0.3013978926464915,0.2512212856427619,0.05017660700372959,0.18578272553062752,0.15840046578331998,0.02738225974730755,0.0790470810116906,0.06495993643214829,0.014087144579542311,0.02840226957280385,0.025454287270182056,0.0029479823026217914,0.00816581653136956,0.0024065961571116197,0.005759220374257941,0.1454921704217007
FC Utrecht II,38,37.66173211671412,36.32015136256814,1.3415807541459799,7.067920884117484,13.58248433470726,-6.514563450589776,7.067920884117484,14.152394983917475,-7.084474099799991,4.175945358350873,9.110190607607365,-4.934245249256492,2.6061798483133316,3.704744402319193,-1.0985645540058613,0.2857956774532795,0.7675493247807026,-0.4817536473274231,0.0,0.5699106492102146,-0.5699106492102146,3.16,7.9,-4.74,-10.48289334565402,KKD,2022-23,0.99109821359774,0.9557934569096879,0.0353047566880521,0.18599791800309168,0.35743379828177,-0.17143588027867832,0.18599791800309168,0.3724314469451967,-0.18643352894210502,0.10989329890397034,0.23974185809493065,-0.1298485591909603,0.06858368021877188,0.09749327374524192,-0.028909593526470035,0.0075209388803494604,0.020198666441597436,-0.012677727561247977,0.0,0.0149976486634267,-0.0149976486634267,-0.27586561435931634
Helmond Sport,38,31.00195948034525,32.35231967456639,-1.350360194221139,5.467668768018484,9.284136302769184,-3.8164675347507,5.742366801947355,10.720153771340847,-4.977786969393492,3.997995864599943,7.016980975866318,-3.0189851112663746,0.8338367715477943,1.5888868048787117,-0.7550500333309174,0.6358361318707466,0.6782685220241547,-0.04243239015340805,0.27469803392887115,1.436017468571663,-1.1613194346427917,1.58,3.16,-1.58,-7.908147163614629,KKD,2022-23,0.8158410389564539,0.8513768335412207,-0.035535794584766814,0.14388602021101274,0.24431937638866275,-0.10043335617765,0.15111491584071987,0.28210930977212756,-0.1309943939314077,0.10521041748947219,0.1846573941017452,-0.07944697661227301,0.021943072935468273,0.04181281065470294,-0.019869737719234667,0.01673252978607228,0.017849171632214597,-0.001116641846142317,0.007228895629707135,0.03778993338346481,-0.030561037753757677,-0.2081091358845955
Heracles Almelo,38,49.360746685415506,31.729293821379542,17.631452864035964,15.971110548824072,7.999784182757139,7.971326366066933,16.361130692064762,7.999784182757139,8.361346509307623,11.265962697565556,3.9530116617679596,7.312951035797596,3.9678019508719444,3.488177753984928,0.4796241968870163,0.7373459003865719,0.5585947670042515,0.1787511333823204,0.39002014324069023,0.0,0.39002014324069023,3.95,1.58,2.37,28.362799373343577,KKD,2022-23,1.2989670180372501,0.8349814163520932,0.46398560168515696,0.4202923828637914,0.21052063638834576,0.2097717464754456,0.43055607084380954,0.21052063638834576,0.22003543445546375,0.2964727025675146,0.1040266226781042,0.19244607988941043,0.10441584081241959,0.091794151420656,0.012621689391763587,0.019403839483857155,0.014699862289585565,0.00470397719427159,0.010263687980018164,0.0,0.010263687980018164,0.746389457193252
MVV,38,50.86159005947411,55.071146823465824,-4.2095567639917135,5.638344835489988,13.620289124548435,-7.981944289058447,5.905884440988302,14.827897518873215,-8.922013077884912,4.041174251586199,9.683225527405739,-5.64205127581954,1.2737670615315437,3.3025701716542244,-2.0288031101226807,0.3234035223722458,0.634493425488472,-0.3110899031162262,0.2675396054983139,1.2076083943247795,-0.9400687888264656,1.58,1.58,0.0,-13.131569841876626,KKD,2022-23,1.3384628963019503,1.4492407058806795,-0.1107778095787293,0.14837749567078917,0.35842866117232725,-0.21005116550153807,0.15541801160495533,0.390207829444032,-0.23478981783907665,0.10634669083121576,0.2548217244054142,-0.14847503357419842,0.03352018582977747,0.0869097413593217,-0.053389555529544226,0.008510619009795942,0.01669719540759137,-0.008186576397795426,0.007040515934166156,0.031779168271704725,-0.02473865233753857,-0.34556762741780594
NAC Breda,38,32.56060950644314,44.27435775101185,-11.713748244568706,9.266809957101941,8.33210352435708,0.9347064327448606,10.470440147444606,8.557594265788794,1.9128458816558123,6.047784516587853,5.291838355362415,0.7559461612254381,2.3179433830082417,2.5070084147155285,-0.18906503170728683,0.901082057505846,0.5332567542791367,0.36782530322670937,1.2036301903426647,0.2254907414317131,0.9781394489109516,2.37,1.58,0.79,-9.010902362912894,KKD,2022-23,0.8568581449063984,1.1651146776582066,-0.30825653275180803,0.24386341992373528,0.21926588221992316,0.024597537703812122,0.2755378986169633,0.22519984909970509,0.05033804951725822,0.159152224120733,0.13925890408848463,0.019893320032248373,0.06099851007916426,0.06597390565040864,-0.00497539557124439,0.023712685723838053,0.014033072481029913,0.009679613242808142,0.031674478693228016,0.005933966879781924,0.025740511813446096,-0.23712900955033933
PEC Zwolle,38,60.56428565271199,33.02698577940464,27.537299873307347,14.077398965135217,7.811836438253522,6.265562526881695,15.71091772057116,7.811836438253522,7.899081282317638,9.0032819788903,5.384550923481584,3.618731055408716,4.232996217906475,2.0210756845772266,2.2119205333292484,0.8411207683384418,0.4062098301947117,0.43491093814373016,1.6335187554359436,0.0,1.6335187554359436,3.95,1.58,2.37,37.806381155624976,KKD,2022-23,1.5937969908608418,0.8691312047211748,0.724665786139667,0.37045786750355836,0.2055746431119348,0.16488322439162353,0.41344520317292527,0.2055746431119348,0.20787056006099047,0.2369284731286921,0.14169870851267324,0.09522976461601884,0.11139463731332828,0.05318620222571649,0.0582084350876118,0.022134757061537943,0.010689732373545044,0.011445024687992899,0.04298733566936694,0.0,0.04298733566936694,0.9949047672532888
PSV II,38,40.90632068738341,37.17225585132837,3.7340648360550404,6.764372428879142,8.847043007612228,-2.0826705787330866,6.80504466407001,9.521905347704887,-2.716860683634877,4.666485657915473,5.224710285663605,-0.5582246277481318,1.5157182477414608,2.8414177782833576,-1.3256995305418968,0.582168523222208,0.780914943665266,-0.19874642044305801,0.04067223519086838,0.674862340092659,-0.6341901049017906,3.95,2.37,1.58,2.5972041524201614,KKD,2022-23,1.076482123352195,0.9782172592454835,0.09826486410671159,0.1780098007599774,0.2328169212529534,-0.05480712049297596,0.17908012273868448,0.25057645651854965,-0.0714963337798652,0.12280225415567034,0.1374923759385159,-0.014690121782845572,0.03988732230898581,0.07477415206008836,-0.03488682975110255,0.015320224295321264,0.020550393254349108,-0.005230168959027843,0.0010703219787070626,0.017759535265596288,-0.016689213286889226,0.0683474776952674
Roda JC,38,38.973923502489924,34.86519236303866,4.108731139451265,10.6888349018991,8.95776779204607,1.7310671098530293,10.6888349018991,9.094077117741108,1.5947577841579914,6.9142105877399445,6.0662295036017895,0.847981084138155,3.0577698908746243,2.286926008760929,0.7708438821136951,0.7168544232845306,0.6046122796833515,0.11224214360117912,0.0,0.13630932569503784,-0.13630932569503784,4.74,7.11,-2.37,3.333488923609252,KKD,2022-23,1.025629565854998,0.9175050621852279,0.10812450366977014,0.2812851289973447,0.23573073136963343,0.045554397627711296,0.2812851289973447,0.2393178188879239,0.04196731010942083,0.18195291020368276,0.15963761851583658,0.022315291687846184,0.08046762870722696,0.060182263388445505,0.020285365318781452,0.018864590086435016,0.015910849465351356,0.0029537406210836613,0.0,0.0035870875182904697,-0.0035870875182904697,0.08772339272655927
TOP Oss,38,29.72473863698542,55.62755652144551,-25.90281788446009,5.220472142100334,9.53700140118599,-4.316529259085655,5.798859402537346,9.751413997262716,-3.9525545947253704,3.0133581534028053,6.396887235343456,-3.383529081940651,1.4753152206540108,1.9134518317878246,-0.43813661113381386,0.7317987680435181,1.2266623340547085,-0.4948635660111904,0.5783872604370117,0.2144125960767269,0.3639746643602848,4.74,5.53,-0.79,-30.64537247918546,KKD,2022-23,0.7822299641311953,1.4638830663538294,-0.681653102222634,0.13738084584474564,0.2509737210838418,-0.11359287523909618,0.152601563224667,0.2566161578227031,-0.10401459459803607,0.07929889877375804,0.16833913777219622,-0.08904023899843819,0.03882408475405291,0.050353995573363806,-0.01152991081931089,0.019257862316934687,0.0322805877382818,-0.013022725421347116,0.015220717379921362,0.005642436738861234,0.009578280641060127,-0.8064571705048805
Telstar,38,36.33369612134993,37.43460005708039,-1.1009039357304573,11.74783730134368,8.378249889239669,3.3695874121040106,11.851233392953873,8.449072195217013,3.4021611977368593,7.691761072725058,4.818081559613347,2.8736795131117105,3.6113509461283684,2.886259399354458,0.7250915467739105,0.44472528249025345,0.6739089302718639,-0.2291836477816105,0.10339609161019325,0.07082230597734451,0.03257378563284874,3.95,2.37,1.58,3.8812572620064074,KKD,2022-23,0.9561498979302613,0.9851210541336944,-0.028971156203433088,0.30915361319325474,0.22048026024314918,0.08867335295010555,0.31187456297247035,0.22234400513728983,0.0895305578351805,0.20241476507171205,0.1267916199898249,0.07562314508188712,0.09503555121390443,0.07595419471985415,0.019081356494050277,0.01170329690763825,0.017734445533470103,-0.006031148625831855,0.002720949779215612,0.001863744894140645,0.0008572048850749668,0.10213834900016862
VVV Venlo,38,38.72800571285188,36.45596252568066,2.272043187171221,12.778990771621466,11.075359197333455,1.7036315742880106,12.829352617263794,11.419467194005847,1.409885423257947,7.851082678884268,8.416183976456523,-0.5651012975722551,4.430296424776316,2.182016722857952,2.2482797019183636,0.4976116679608822,0.47715849801898,0.02045316994190216,0.05036184564232826,0.3441079966723919,-0.29374615103006363,2.37,3.16,-0.79,2.8919286104291757,KKD,2022-23,1.0191580450750495,0.9593674348863331,0.059790610188716335,0.33628923083214385,0.29145682098245934,0.044832409849684486,0.3376145425595735,0.3005122945791012,0.03710224798047229,0.20660743891800704,0.22147852569622428,-0.014871086778217241,0.11658674802042936,0.057421492706788216,0.05916525531364115,0.013095043893707426,0.012556802579446844,0.0005382413142605832,0.0013253117274296912,0.009055473596641892,-0.007730161869212201,0.0761033844849783
Willem II,38,42.8336375374347,25.667247720062733,17.166389817371964,14.632472341880202,5.574083628132939,9.058388713747263,14.927808279171586,5.574083628132939,9.353724651038647,9.714901389554143,3.419941110536456,6.294960279017687,4.081613197922707,1.8197998888790607,2.261813309043646,0.8359577544033527,0.3343426287174225,0.5016151256859303,0.29533593729138374,0.0,0.29533593729138374,3.95,3.16,0.79,27.31011446841061,KKD,2022-23,1.1272009878272289,0.675453887370072,0.45174710045715694,0.38506506162842635,0.1466864112666563,0.23837865036177008,0.3928370599781996,0.1466864112666563,0.24615064871154332,0.25565529972510903,0.08999845027727515,0.16565684944783388,0.1074108736295449,0.04788947075997528,0.059521402869569626,0.02199888827377244,0.008798490229405855,0.013200398044366585,0.007771998349773257,0.0,0.007771998349773257,0.7186872228529108
ADO Den Haag,38,42.804293962195516,36.534727569669485,6.2695663925260305,13.635149693116546,8.383452480658889,5.251697212457657,14.09721608273685,8.79637542925775,5.300840653479099,10.557573890313506,4.482682844623923,6.074891045689583,2.4477212131023407,3.2172040306031704,-0.7694828175008297,0.6298545897006989,0.6835656054317951,-0.05371101573109627,0.4620663896203041,0.4129229485988617,0.04914344102144241,3.16,2.37,0.79,12.360407046005129,KKD,2023-24,1.1264287884788293,0.9614401992018285,0.1649885892770008,0.35881972876622487,0.22061717054365496,0.1382025582225699,0.37097937059833813,0.23148356392783553,0.13949580667050263,0.2778308918503554,0.11796533801641904,0.15986555383393639,0.06441371613427212,0.08466326396324132,-0.020249547828969202,0.016575120781597338,0.017988568563994608,-0.0014134477823972702,0.012159641832113266,0.010866393384180571,0.0012932484479326952,0.3252738696317139
AZ II,38,39.9296148288995,42.123551392927766,-2.193936564028263,6.382547261193395,11.501884432509542,-5.119337171316147,6.382547261193395,13.072134984657168,-6.689587723463774,3.272298337891698,7.591223983094096,-4.318925645202398,2.690402690321207,3.4887099638581276,-0.7983072735369205,0.41984623298048973,0.42195048555731773,-0.002104252576828003,0.0,1.5702505521476269,-1.5702505521476269,5.53,4.74,0.79,-8.093524287492038,KKD,2023-24,1.0507793376026184,1.1085145103402043,-0.05773517273758587,0.1679617700314051,0.3026811692765669,-0.13471939924516177,0.1679617700314051,0.3440035522278202,-0.1760417821964151,0.08611311415504468,0.19976905218668675,-0.11365593803164206,0.0708000707979265,0.09180815694363494,-0.021008086145708437,0.01104858507843394,0.011103960146245203,-5.5375067811263235e-05,0.0,0.04132238295125334,-0.04132238295125334,-0.21298748124979047
Ajax II,38,40.48710667528212,42.672599978744984,-2.185493303462863,6.616062950342894,16.517705604434013,-9.90164265409112,6.616062950342894,17.58883213251829,-10.972769182175398,4.722542453557253,13.738197784870863,-9.01565533131361,1.2274252101778984,2.204017147421837,-0.9765919372439384,0.6660952866077423,0.5754906721413136,0.09060461446642876,0.0,1.071126528084278,-1.071126528084278,0.79,2.37,-1.58,-14.73826248563826,KKD,2023-24,1.065450175665319,1.1229631573353942,-0.05751298167007534,0.17410691974586562,0.4346764632745793,-0.2605695435287137,0.17410691974586562,0.4628640034873235,-0.28875708374145787,0.12427743298834876,0.3615315206544964,-0.23725408766614764,0.03230066342573417,0.05800045124794308,-0.025699787822208907,0.017528823331782694,0.01514449137213983,0.002384331959642862,0.0,0.02818754021274416,-0.02818754021274416,-0.3878490127799542
Cambuur Leeuwarden,38,49.1048383358866,42.02996917814016,7.074869157746434,12.887149848043919,10.930506113916636,1.956643734127283,12.887149848043919,11.50496057793498,1.3821892701089382,8.709504377096891,7.370205629616976,1.3392987474799156,3.675824735313654,3.273072924464941,0.4027518108487129,0.5018207356333733,0.2872275598347187,0.21459317579865456,0.0,0.5744544640183449,-0.5744544640183449,7.11,3.16,3.95,12.407058427855375,KKD,2023-24,1.2922325877864893,1.1060518204773728,0.1861807673091167,0.3391355223169452,0.2876448977346483,0.051490624582296925,0.3391355223169452,0.30276212047197315,0.03637340184497206,0.22919748360781292,0.19395277972676253,0.03524470388105041,0.09673222987667511,0.08613349801223529,0.010598731864439813,0.013205808832457191,0.0075586199956504925,0.005647188836806699,0.0,0.015117222737324866,-0.015117222737324866,0.32650153757514144
De Graafschap,38,45.363556537777185,37.7536682151258,7.609888322651386,14.878097888082266,7.541436029598117,7.336661858484149,15.550250612199306,8.251778537407517,7.298472074791789,11.003175631165504,6.212907215580344,4.79026841558516,3.3003702089190483,1.0858160629868507,2.2145541459321976,0.5745520479977131,0.24271275103092194,0.33183929696679115,0.6721527241170406,0.7103425078094006,-0.038189783692359924,1.58,2.37,-0.79,14.118360397443176,KKD,2023-24,1.1937778036257154,0.9935175846085736,0.20026021901714175,0.3915288917916386,0.19845884288416096,0.19307004890747761,0.40921712137366595,0.21715206677388205,0.19206505459978393,0.2895572534517238,0.1634975583047459,0.1260596951469779,0.08685184760313285,0.0285741069207066,0.05827774068242625,0.015119790736781923,0.006387177658708472,0.00873261307807345,0.017688229582027384,0.018693223889721066,-0.0010049943076936823,0.3715357999327152
FC Den Bosch,38,32.77949931100011,34.888488398864865,-2.1089890878647566,6.667988086119294,11.079638117924333,-4.4116500318050385,7.883099952712655,11.254944385960698,-3.371844433248043,5.055115198716521,7.590430313721299,-2.535315115004778,1.0748958103358746,2.7510974816977978,-1.6762016713619232,0.5379770770668983,0.7381103225052357,-0.20013324543833733,1.215111866593361,0.1753062680363655,1.0398055985569954,0.79,5.53,-4.74,-10.220833521112802,KKD,2023-24,0.8626184029210555,0.9181181157596017,-0.055499712838546225,0.17547337068734983,0.2915694241559035,-0.11609605346855364,0.2074499987555962,0.29618274699896574,-0.08873274824336956,0.1330293473346453,0.1997481661505605,-0.06671881881591521,0.028286731850944068,0.07239730214994204,-0.04411057029899798,0.014157291501760483,0.019423955855400937,-0.005266664353640456,0.03197662806824634,0.004613322843062251,0.027363305225184088,-0.268969303187179
FC Dordrecht,38,45.89446467347443,46.08863687701523,-0.194172203540802,10.369109135121107,12.61727943085134,-2.248170295730233,11.31964935734868,13.060662111267447,-1.741012753918767,7.118899170309305,8.107250003144145,-0.9883508328348398,2.6060174256563187,3.5853159427642822,-0.9792985171079636,0.6441925391554832,0.924713484942913,-0.2805209457874298,0.9505402222275734,0.4433826804161072,0.5071575418114662,1.58,2.37,-0.79,-2.725184957459568,KKD,2023-24,1.2077490703545903,1.2128588651846115,-0.005109794830021106,0.2728712930295028,0.33203366923293,-0.05916237620342719,0.2978855094039126,0.3437016345070381,-0.045816125103125445,0.18733945185024486,0.21334868429326698,-0.026009232443022102,0.06857940593832418,0.09435041954642848,-0.025771013608104305,0.01695243524093377,0.024334565393234555,-0.007382130152300785,0.025014216374409825,0.011667965274108084,0.013346251100301743,-0.07171539361735706
FC Eindhoven,38,35.37430403381586,39.944421108812094,-4.570117074996233,13.09227004647255,9.627392681315541,3.464877365157008,15.412053663283587,10.285066129639745,5.126987533643842,7.1989030838012695,7.077807465568185,0.12109561823308468,5.092381335794926,1.9415946938097477,3.150786641985178,0.8009856268763542,0.6079905219376087,0.1929951049387455,2.319783616811037,0.6576734483242035,1.6621101684868336,2.37,2.37,0.0,0.5568704586476088,KKD,2023-24,0.9309027377319964,1.0511689765476866,-0.12026623881569035,0.3445334222755934,0.25335243898198795,0.09118098329360548,0.40558035956009436,0.2706596349905196,0.1349207245695748,0.18944481799477025,0.18625809119916276,0.0031867267956074917,0.13401003515249804,0.051094597205519676,0.08291543794697837,0.02107856912832511,0.01599975057730549,0.0050788185510196185,0.061046937284500974,0.017307196008531672,0.0437397412759693,0.014654485753884441
FC Emmen,38,40.44538491405547,35.388466738164425,5.056918175891042,9.341460892930627,11.672093091532588,-2.330632198601961,10.562061639502645,11.759314114227891,-1.1972524747252464,6.643744410946965,7.250848127529025,-0.6071037165820599,2.0116094686090946,3.9472333267331123,-1.9356238581240177,0.686107013374567,0.4740116372704506,0.21209537610411644,1.2206007465720177,0.08722102269530296,1.1333797238767147,3.16,1.58,1.58,5.439665701165794,KKD,2023-24,1.064352234580407,0.9312754404780111,0.13307679410239584,0.24582791823501648,0.30716034451401547,-0.06133242627899898,0.27794899051322747,0.3094556345849445,-0.031506644071717015,0.17483537923544645,0.1908117928297112,-0.015976413594264733,0.0529370912791867,0.10387456122981875,-0.050937469950632044,0.018055447720383342,0.012473990454485542,0.005581457265897801,0.03212107227821099,0.0022952900709290254,0.029825782207281964,0.14314909739909984
FC Groningen,38,46.58321246691048,23.21722461283207,23.365987854078412,17.794019553810358,7.213604737073183,10.580414816737175,18.243416391313076,7.616294886916876,10.6271215043962,13.430495079606771,5.027791853994131,8.40270322561264,3.193402588367462,1.830859798938036,1.3625427894294262,1.1701218858361244,0.354953084141016,0.8151688016951084,0.44939683750271797,0.4026901498436928,0.04670668765902519,1.58,2.37,-0.79,33.20310935847461,KKD,2023-24,1.225874012287118,0.6109795950745281,0.6148944172125898,0.46826367246869366,0.18983170360718904,0.2784319688615046,0.4800899050345546,0.200428812813602,0.27966109222095265,0.35343408104228347,0.132310311947214,0.22112376909506948,0.08403691022019637,0.048180521024685154,0.035856389195511214,0.030792681206213802,0.009340870635289895,0.021451810570923907,0.011826232565861,0.010597109206412969,0.0012291233594480314,0.8737660357493319
FC Utrecht II,38,29.98800680041313,47.190302362665534,-17.202295562252402,10.0568532589823,13.652284605428576,-3.5954313464462757,10.598132384940982,13.815019825473428,-3.216887440532446,6.442809930071235,9.353170504793525,-2.91036057472229,3.102112028747797,3.506272379308939,-0.40416035056114197,0.511931300163269,0.7928417213261127,-0.2809104211628437,0.5412791259586811,0.1627352200448513,0.3785439059138298,1.58,4.74,-3.16,-23.579183002784845,KKD,2023-24,0.7891580736950824,1.2418500621754087,-0.4526919884803264,0.2646540331311132,0.35927064751127835,-0.09461661438016515,0.2788982206563416,0.36355315330193233,-0.08465493264559068,0.1695476297387167,0.24613606591561907,-0.07658843617690236,0.08163452707231045,0.09227032577128787,-0.01063579869897742,0.013471876320086028,0.02086425582437139,-0.007392379504285361,0.01424418752522845,0.004282505790653981,0.009961681734574469,-0.6205048158627591
Helmond Sport,38,36.18729967996478,43.66528364084661,-7.477983960881829,8.901475884020329,10.78440435603261,-1.8829284720122814,8.9757134988904,11.051812004297972,-2.076098505407572,7.18465281650424,6.344370719045401,0.8402820974588394,1.3534628935158253,3.7117799930274487,-2.3583170995116234,0.3633601740002632,0.7282536439597607,-0.36489346995949745,0.07423761487007141,0.2674076482653618,-0.19317003339529037,3.16,3.16,0.0,-9.554082466289401,KKD,2023-24,0.9522973599990732,1.1490864116012265,-0.1967890516021534,0.23424936536895602,0.2838001146324371,-0.04955074926348109,0.23620298681290527,0.2908371580078414,-0.0546341711949361,0.1890698109606379,0.1669571241854053,0.022112686775232617,0.03561744456620593,0.09767842086914338,-0.06206097630293746,0.00956210984211219,0.019164569577888438,-0.009602459735776248,0.0019536214439492476,0.007037043375404258,-0.00508342193145501,-0.2514232227970895
MVV,38,37.20149098522961,51.58128661289811,-14.3797956276685,7.5208929143846035,10.309175731614232,-2.7882828172296286,7.553612198680639,10.399512926116586,-2.8459007274359465,4.770071443170309,7.142494468018413,-2.3724230248481035,2.359115608036518,2.5417499020695686,-0.18263429403305054,0.39170586317777634,0.6249313615262508,-0.2332254983484745,0.03271928429603577,0.09033719450235367,-0.0576179102063179,3.16,2.37,0.79,-16.435696355104454,KKD,2023-24,0.9789866048744634,1.3574022792867924,-0.37841567441232893,0.19791823458906851,0.27129409820037453,-0.07337586361130602,0.1987792683863326,0.2736713927925417,-0.07489212440620911,0.12552819587290287,0.18796038073732665,-0.06243218486442378,0.06208198968517153,0.06688815531762023,-0.004806165632448699,0.010308049030994115,0.016445562145427653,-0.00613751311443354,0.0008610337972640991,0.002377294592167202,-0.0015162607949031027,-0.43251832513432775
NAC Breda,38,38.80121420882642,32.27929076552391,6.521923443302512,12.34058142080903,8.16103438474238,4.179547036066651,12.385091722011566,8.198920847848058,4.186170874163508,7.750452242791653,6.031506700441241,1.7189455423504114,3.905267648398876,1.4072980880737305,2.4979695603251457,0.6848615296185017,0.7222295962274075,-0.03736806660890579,0.04451030120253563,0.03788646310567856,0.006623838096857071,4.74,1.58,3.16,13.868094317466017,KKD,2023-24,1.0210845844428007,0.8494550201453661,0.17162956429743453,0.3247521426528692,0.2147640627563784,0.10998807989649083,0.32592346636872543,0.21576107494336993,0.11016239142535549,0.20395926954714874,0.1587238605379274,0.04523540900922135,0.10277020127365463,0.03703416021246659,0.06573604106118805,0.018022671832065833,0.019006042005984408,-0.0009833701739185735,0.0011713237158562009,0.000997012186991541,0.00017431152886465977,0.364949850459632
PSV II,38,42.92550999112427,52.64683496020734,-9.72132496908307,6.220721131190658,12.692634714767337,-6.471913583576679,6.26313286088407,13.262668645009398,-6.999535784125328,4.137215299531817,9.067884581163526,-4.930669281631708,1.3858376182615757,3.0262957364320755,-1.6404581181704998,0.6976682133972645,0.5984543971717358,0.09921381622552872,0.04241172969341278,0.5700339302420616,-0.5276222005486488,3.95,1.58,2.37,-14.350860753208394,KKD,2023-24,1.1296186839769546,1.3854430252686143,-0.25582434129165976,0.16370318766291203,0.3340167030201931,-0.17031351535728104,0.1648192858127387,0.34901759592129994,-0.18419831010856128,0.10887408682978467,0.23862854160956645,-0.12975445477978179,0.03646941100688357,0.07963936148505461,-0.04316995047817105,0.0183596898262438,0.015748799925571995,0.0026108899006718083,0.0011160981498266522,0.015000892901106885,-0.013884794751280233,-0.3776542303475893
Roda JC,38,44.39515886455774,33.43374788016081,10.961410984396935,10.37149417027831,8.436912901699543,1.9345812685787678,10.808380510658026,8.503533199429512,2.3048473112285137,6.079360570758581,5.6388805247843266,0.4404800459742546,2.9530515298247337,2.337749730795622,0.6153017990291119,1.3390820696949959,0.4602826461195946,0.8787994235754013,0.43688634037971497,0.06662029772996902,0.37026604264974594,2.37,0.79,1.58,14.846258295625447,KKD,2023-24,1.168293654330467,0.8798354705305476,0.28845818379991933,0.2729340571125871,0.22202402372893534,0.050910033383651784,0.28443106606994806,0.22377718945867137,0.06065387661127668,0.15998317291469952,0.1483915927574823,0.011591580157217226,0.07771188236380878,0.06151972975777952,0.01619215260602926,0.03523900183407884,0.01211270121367354,0.0231263006204053,0.011497008957360921,0.001753165729736027,0.009743843227624893,0.390691007779617
TOP Oss,38,28.570602413266897,46.14182652533054,-17.571224112063646,7.630847245454788,11.638310711830854,-4.007463466376066,7.815829932689667,12.243186227977276,-4.427356295287609,5.058322507888079,7.5356612503528595,-2.477338742464781,1.7990255616605282,2.847484700381756,-1.0484591387212276,0.7734991759061813,1.255164761096239,-0.48166558519005775,0.18498268723487854,0.6048755161464214,-0.4198928289115429,2.37,3.95,-1.58,-23.578580407351254,KKD,2023-24,0.7518579582438657,1.2142585927718563,-0.4624006345279907,0.20081176961723127,0.3062713345218646,-0.10545956490463332,0.20567973507078072,0.3221891112625599,-0.11650937619177919,0.133113750207581,0.1983068750092858,-0.06519312480170476,0.04734277793843495,0.07493380790478305,-0.027591029966348095,0.0203552414712153,0.033030651607795766,-0.012675410136580467,0.004867965453549435,0.015917776740695302,-0.011049811287145866,-0.6204889580881909
Telstar,38,38.59813952818513,43.45854410529137,-4.860404577106237,9.921948321163654,10.522396881133318,-0.6004485599696636,10.169940985739231,10.814347747713327,-0.6444067619740963,6.727506194263697,7.05749274417758,-0.3299865499138832,2.4225936233997345,2.278754010796547,0.14383961260318756,0.7718485035002232,1.1861501261591911,-0.41430162265896797,0.24799266457557678,0.29195086658000946,-0.04395820200443268,1.58,4.74,-3.16,-8.66481133908033,KKD,2023-24,1.0157405138996087,1.1436458975076675,-0.1279053836080589,0.26110390318851723,0.2769051810824557,-0.015801277893938516,0.26763002594050606,0.28458809862403495,-0.01695807268352885,0.17703963669114992,0.18572349326783105,-0.008683856576681137,0.06375246377367723,0.05996721081043545,0.003785252963241778,0.020311802723690084,0.03121447700418924,-0.010902674280499158,0.006526122751988862,0.0076829175415791965,-0.0011567947895903337,-0.22802135102842974
VVV Venlo,38,39.10212636552751,37.40414296090603,1.697983404621482,11.577941125258803,11.600887661799788,-0.022946536540985107,11.577941125258803,12.152668384835124,-0.5747272595763206,7.6537619810551405,7.135625267401338,0.5181367136538029,3.378032013773918,3.459760647267103,-0.08172863349318504,0.5461471304297447,1.0055017471313477,-0.45935461670160294,0.0,0.5517807230353355,-0.5517807230353355,2.37,3.95,-1.58,-0.45674385495483705,KKD,2023-24,1.0290033254086186,0.9843195516027903,0.04468377380582847,0.30468266119102116,0.3052865174157839,-0.000603856224762766,0.30468266119102116,0.31980706275881904,-0.015124401567797912,0.2014147889751353,0.1877796123000352,0.013635176675100075,0.08889557930983995,0.0910463328228185,-0.0021507535129785538,0.014372292906045914,0.026460572292930203,-0.012088279386884287,0.0,0.014520545343035146,-0.014520545343035146,-0.012019575130390448
Willem II,38,42.43693218752742,28.529742879793048,13.90718930773437,15.872335461899638,7.19591161981225,8.676423842087388,15.872335461899638,7.341585341840982,8.530750120058656,11.138776434585452,4.8987490721046925,6.24002736248076,4.203473463654518,1.7399561144411564,2.4635173492133617,0.530085563659668,0.5572064332664013,-0.027120869606733322,0.0,0.1456737220287323,-0.1456737220287323,3.95,0.79,3.16,25.597939427793023,KKD,2023-24,1.1167613733559847,0.7507827073629749,0.36597866599300977,0.4176930384710431,0.1893660952582171,0.228326943212826,0.4176930384710431,0.19319961425897322,0.2244934242120699,0.2931256956469856,0.12891444926591297,0.16421124638107262,0.11061772272775047,0.04578831880108306,0.06482940392666742,0.013949620096307052,0.014663327191221086,-0.0007137070949140348,0.0,0.003833519000756113,-0.003833519000756113,0.6736299849419216
ADO Den Haag,38,44.05044531263411,34.55410823225975,9.49633708037436,18.233421796932817,8.894008742645383,9.339413054287434,20.286759553477168,9.576467579230668,10.7102919742465,9.644825896248221,3.5096341054886584,6.1351917907595634,7.721048444509505,5.019089318811894,2.701959125697611,0.8675474561750889,0.3652853183448315,0.5022621378302574,2.0533377565443516,0.6824588365852841,1.3708789199590674,3.95,4.74,-0.79,19.416629054620856,KKD,2024-25,1.1592222450693186,0.909318637691046,0.24990360737827264,0.47982688939296886,0.2340528616485627,0.24577402774440615,0.5338620935125571,0.2520123047165965,0.2818497887959605,0.2538112077960058,0.09235879224970153,0.1614524155463043,0.2031854853818291,0.1320812978634709,0.07110418751835819,0.022830196215133918,0.009612771535390302,0.013217424679743616,0.0540352041195882,0.017959443068033792,0.036075761051554404,0.5109639224900225
AZ II,38,42.82725692912936,40.02265205606819,2.804604873061173,7.677972307428718,17.43633557111025,-9.758363263681531,7.7733938079327345,19.263189114630222,-11.489795306697488,5.889349969103932,10.897550851106645,-5.008200882002713,1.131221536546945,5.700483839958907,-4.569262303411962,0.6574008017778398,0.8383008800446987,-0.18090007826685894,0.0954215005040169,1.8268535435199738,-1.7314320430159569,5.53,4.74,0.79,-7.895190433636316,KKD,2024-25,1.1270330770823516,1.053227685686005,0.07380539139634666,0.20205190282707153,0.4588509360818486,-0.25679903325477715,0.20456299494559826,0.5069260293323743,-0.302363034386776,0.1549828939237877,0.2867776539764907,-0.13179476005270296,0.02976898780386697,0.15001273263049755,-0.12024374482663058,0.017300021099416835,0.022060549474860493,-0.004760528375443656,0.002511092118526761,0.04807509325052563,-0.04556400113199886,-0.20776816930621883
Ajax II,38,36.01527539640665,46.591314285993576,-10.576038889586926,7.663794413208961,16.381822753697634,-8.718028340488672,7.891244735568761,16.995480876415968,-9.104236140847206,4.7788901440799245,11.280531097203497,-6.501640953123572,1.9670219942927345,4.55085876584053,-2.583836771547796,0.9178822748363017,0.5504328906536101,0.3674493841826916,0.2274503223598005,0.6136581227183342,-0.3862078003585337,3.95,7.9,-3.95,-23.630275030434134,KKD,2024-25,0.9477704051685961,1.2260872180524625,-0.27831681288386645,0.20167880034760421,0.4311005987815167,-0.22942179843391242,0.20766433514654634,0.44724949674778863,-0.23958516160124227,0.1257602669494717,0.2968560815053552,-0.1710958145558835,0.051763736691914065,0.11975944120632975,-0.06799570451441568,0.024154796706218465,0.014485076069831845,0.00966972063638662,0.005985534798942119,0.016148897966271954,-0.010163363167329834,-0.6218493429061615
Cambuur Leeuwarden,37,45.916277043521404,38.81402921676636,7.102247826755047,14.27308793179691,7.571590708568693,6.701497223228217,14.86736166290939,8.086766401305795,6.780595261603596,8.586440758779645,5.094565769657493,3.4918749891221523,4.969664096832276,2.0123614408075814,2.957302656024695,0.716983076184988,0.46466349810361857,0.25231957808136946,0.59427373111248,0.5151756927371024,0.07909803837537766,7.11,3.16,3.95,17.832843088358636,KKD,2024-25,1.2409804606357135,1.049027816669361,0.19195264396635262,0.3857591332918084,0.20463758671807278,0.1811215465737356,0.4018205854840376,0.2185612540893458,0.18325933139469178,0.2320659664535039,0.1376909667474998,0.09437499970600412,0.13431524586033178,0.05438814704885355,0.07992709881147823,0.01937792097797265,0.01255847292171942,0.006819448056253228,0.01606145219222919,0.013923667371273037,0.0021377848209561527,0.481968732117801
De Graafschap,38,51.60235354304314,38.0145970992744,13.58775644376874,9.515542738139631,10.99189092963934,-1.4763481914997083,12.453143168240787,12.38235380500555,0.07078936323523699,6.577914271503688,6.74527818337083,-0.1673639118671426,2.331434480845928,3.950318641960621,-1.6188841611146927,0.606193985790014,0.2962941043078898,0.3098998814821242,2.9376004301011562,1.3904628753662107,1.5471375547349455,6.32,0.79,5.53,19.18854580700397,KKD,2024-25,1.3579566721853458,1.0003841341914315,0.3575725379939142,0.25040901942472715,0.2892602876220879,-0.03885126819736075,0.3277142939010734,0.3258514159211987,0.0018628779798746577,0.1731030071448339,0.17750732061502186,-0.004404313470187963,0.06135353896962969,0.10395575373580582,-0.04260221476617612,0.01595247331026353,0.007797213271260259,0.008155260039003269,0.07730527447634622,0.036591128299110806,0.04071414617723541,0.5049617317632623
Excelsior,38,51.39898099005222,28.66534667648375,22.733634313568473,13.493409739807252,8.210859384387733,5.282550355419518,17.061028411611918,8.959308128803968,8.10172028280795,9.517513809725646,4.056552916765214,5.460960892960432,3.2325637638568874,3.5048427432775497,-0.27227897942066237,0.7433321662247179,0.649463724344969,0.09386844187974885,3.567618671804667,0.7484487444162364,2.8191699273884305,4.74,0.79,3.95,34.78535459637643,KKD,2024-25,1.352604762896111,0.7543512283285198,0.5982535345675913,0.35508972999492766,0.21607524695757194,0.13901448303735575,0.4489744318845242,0.23577126654747285,0.2132031653370513,0.25046088972962227,0.106751392546453,0.14370949718316925,0.08506746746991808,0.09223270377046183,-0.007165236300543746,0.019561372795387312,0.01709115064065708,0.002470222154730233,0.0938847018895965,0.01969601958990096,0.07418868229969554,0.9154040683256955
FC Den Bosch,38,41.179507445544004,35.75153900869191,5.4279684368520975,9.182159567251803,11.994548130780458,-2.812388563528655,12.41383663751185,12.94386710599065,-0.5300304684788006,6.926827823743226,8.525674454867843,-1.5988466311246174,1.6554643474519242,2.9432529062032686,-1.2877885587513445,0.5998673960566523,0.5256207697093485,0.07424662634730383,3.2316770702600484,0.9493189752101898,2.2823580950498585,1.58,1.58,0.0,4.897937968373299,KKD,2024-25,1.0836712485669475,0.9408299739129449,0.14284127465400256,0.24163577808557377,0.315646003441591,-0.07401022535601724,0.3266799115134697,0.34062808173659603,-0.013948170223126333,0.1822849427300849,0.22435985407546957,-0.04207491134538467,0.04356485124873485,0.07745402384745444,-0.03388917259871959,0.015785984106754008,0.013832125518667065,0.001953858588086943,0.085044133427896,0.024982078295004994,0.060062055132891014,0.1288931044308763
FC Dordrecht,38,45.5708625279367,44.93382032588124,0.6370422020554543,15.687591949477795,9.407375691458585,6.280216258019211,16.415398320183158,11.29004636593163,5.125351954251528,10.256603220477704,6.2156613897532225,4.040941830724481,4.987761128693817,2.7199156582355495,2.267845470458268,0.4432276003062725,0.4717986434698105,-0.02857104316353798,0.7278063707053666,1.882670674473047,-1.1548643037676805,3.95,3.16,0.79,6.552394156306995,KKD,2024-25,1.1992332244193868,1.1824689559442432,0.016764268475143534,0.4128313670915209,0.24756251819627853,0.16526884889524238,0.43198416632060943,0.29710648331399026,0.13487768300661915,0.26991061106520275,0.16357003657245323,0.10634057449274952,0.13125687180773205,0.07157672784830393,0.0596801439594281,0.011663884218586119,0.01241575377552133,-0.0007518695569352099,0.019152799229088593,0.049543965117711766,-0.03039116588862317,0.17243142516597357
FC Eindhoven,38,37.687284087762244,39.71397927775979,-2.0266951899975467,10.039367994293574,11.464280162006617,-1.4249121677130425,11.128281356766822,12.190283060073853,-1.0620017033070308,6.096100276336076,8.304474964737892,-2.2083746884018165,3.5557333417236805,2.447011541575193,1.1087218001484875,0.38753437623381626,0.712793655693531,-0.3252592794597148,1.0889133624732497,0.7260028980672355,0.36291046440601415,3.16,4.74,-1.58,-4.668696893304578,KKD,2024-25,0.9917706338884801,1.045104717835784,-0.05333408394730386,0.26419389458667303,0.30169158321070044,-0.037497688624027435,0.29284950938860055,0.32079692263352244,-0.027947413244921865,0.1604236914825283,0.2185388148615235,-0.05811512337899517,0.09357193004536002,0.06439504056776824,0.029176889477591776,0.010198273058784638,0.01875772778140871,-0.008559454722624073,0.02865561480192762,0.019105339422821988,0.009550275379105636,-0.12286044456064678
FC Emmen,38,40.275821574032314,35.19263292476535,5.083188649266965,13.459374312311411,12.288450820371509,1.1709234919399023,14.377215638756752,13.352676680311562,1.0245389584451896,10.291157968342304,5.790744649246335,4.500413319095969,2.5590597167611135,5.788695994764567,-3.2296362780034538,0.6091566272079944,0.7090101763606071,-0.0998535491526128,0.9178413264453413,1.064225859940052,-0.1463845334947107,7.11,3.95,3.16,9.267727607712146,KKD,2024-25,1.059890041421903,0.9261219190727723,0.13376812234913066,0.3541940608503003,0.3233802847466187,0.03081377610368164,0.37834777996728297,0.35138622842925166,0.026961551538031304,0.2708199465353238,0.15238801708542987,0.11843192944989393,0.0673436767568714,0.15233410512538334,-0.08499042836851194,0.016030437558105116,0.01865816253580545,-0.0026277249777003366,0.024153719116982667,0.02800594368263295,-0.0038522245656502814,0.24388756862400385
FC Utrecht II,38,27.9691698551178,47.62910683080554,-19.65993697568774,10.35181687772274,15.169355012476444,-4.817538134753704,10.495885778218508,17.97986237332225,-7.483976595103741,6.577623810619116,10.429418843239546,-3.85179503262043,3.162508860230446,3.931793350726365,-0.7692844904959193,0.6116842068731784,0.8081428185105325,-0.19645861163735412,0.1440689004957676,2.810507360845804,-2.6664384603500366,3.95,7.9,-3.95,-31.093913570791486,KKD,2024-25,0.7360307856609948,1.253397548179093,-0.5173667625180984,0.27241623362428263,0.39919355295990644,-0.12677731933562378,0.2762075204794344,0.47315427298216445,-0.19694675250273003,0.17309536343734516,0.274458390611567,-0.10136302717422184,0.08322391737448542,0.10346824607174646,-0.020244328697261033,0.01609695281245206,0.02126691627659296,-0.005169963464140898,0.003791286855151779,0.07396072002225801,-0.07016943316710622,-0.8182608834418812
FC Volendam,38,49.10786325111985,41.1526085846126,7.955254666507251,21.146817283704884,8.322011176496746,12.824806107208138,21.67425635270775,9.310739431530237,12.363516921177514,13.506232684478167,6.104547992348673,7.4016846921294945,7.108455777168276,1.6997381970286367,5.408717580139639,0.5321288220584393,0.5177249871194362,0.014403834939003102,0.5274390690028671,0.9887282550334929,-0.46128918603062585,4.74,3.95,0.79,21.108771587684764,KKD,2024-25,1.2923121908189434,1.0829633838055948,0.2093488070133487,0.5564951916764443,0.2190002941183354,0.3374948975581089,0.5703751671765197,0.24501945872447992,0.3253557084520398,0.3554271759073202,0.16064599979864927,0.1947811761086709,0.18706462571495464,0.044729952553385174,0.14233467316156945,0.014003390054169455,0.013624341766300951,0.0003790482878685027,0.013879975500075449,0.026019164606144552,-0.012139189106069101,0.555493989149599
Helmond Sport,38,34.11026878841222,45.40267921052873,-11.292410422116511,12.620559122413399,11.417010087519884,1.2035490348935145,14.591643285006288,12.078128103166822,2.513515181839466,7.470177132636312,6.540887679904701,0.9292894527316111,4.41985622420907,4.116794019937515,0.30306220427155495,0.7305257655680177,0.7593283876776695,-0.028802622109651788,1.9710841625928879,0.661118015646935,1.309966146945953,3.16,2.37,0.79,-7.988895240277053,KKD,2024-25,0.8976386523266374,1.194807347645493,-0.29716869531885554,0.33211997690561573,0.3004476338821022,0.03167234302351354,0.38399061276332336,0.3178454763991269,0.06614513636419647,0.19658360875358716,0.17212862315538688,0.024454985598200293,0.11631200590023869,0.10833668473519777,0.007975321165040919,0.01922436225178994,0.01998232599151762,-0.0007579637397276786,0.05187063585770758,0.017397842517024604,0.03447279334068297,-0.21023408527044876
MVV,38,44.576814787462354,46.21765610203147,-1.6408413145691156,9.70783878862858,13.742936821654439,-4.035098033025859,10.062399655580522,14.558032056316735,-4.495632400736213,6.433277744799855,9.397578252479434,-2.964300507679579,2.908614661544562,3.222803380340337,-0.31418871879577503,0.3659463822841645,1.1225551888346668,-0.7566088065505023,0.35456086695194233,0.8150952346622949,-0.4605343677103526,1.58,5.53,-3.95,-10.086473715305324,KKD,2024-25,1.1730740733542724,1.2162541079481966,-0.043180034593924096,0.2554694418060153,0.36165623214880105,-0.10618679034278576,0.26479999093632955,0.38310610674517726,-0.1183061158088477,0.16929678275789092,0.24730469085472195,-0.07800790809683103,0.07654249109327795,0.08481061527211413,-0.008268124178836185,0.009630167954846433,0.029540926021964915,-0.01991075806711848,0.009330549130314272,0.021449874596376182,-0.012119325466061912,-0.2654335188238243
PSV II,38,43.13531775958836,55.51049551740289,-12.375177757814527,5.617909837514162,15.055147113278508,-9.437237275764346,5.875873502343892,16.953118758276105,-11.077245255932212,3.9312682859599595,11.630126452073455,-7.698858166113496,1.1058740876615039,2.990675285458564,-1.88480119779706,0.5807674638926981,0.43434537574648857,0.1464220881462095,0.2579636648297309,1.8979716449975967,-1.6400079801678658,5.53,6.32,-0.79,-24.242423013746745,KKD,2024-25,1.135139941041799,1.4608025136158655,-0.3256625725740665,0.14783973256616215,0.3961880819283818,-0.24834834936221964,0.15462825006168138,0.44613470416516066,-0.29150645410347925,0.10345442857789366,0.30605595926509094,-0.20260153068719725,0.029101949675302732,0.078701981196278,-0.049600031520975266,0.015283354312965739,0.011430141467012857,0.0038532128459528815,0.006788517495519233,0.04994662223677886,-0.043158104741259626,-0.6379585003617564
Roda JC,38,38.9774808883667,41.282142939046025,-2.304662050679326,14.09339339286089,11.360398432239894,2.732994960620996,15.425430562347174,12.92351260222495,2.501917960122224,8.901132587343454,8.707798799499873,0.19333378784358146,4.599222883582115,1.9610326848924158,2.638190198689699,0.5930379219353199,0.6915669478476048,-0.09852902591228485,1.3320371694862843,1.563114169985056,-0.23107700049877167,4.74,3.16,1.58,1.7772559094429,KKD,2024-25,1.0257231812728078,1.0863721826064743,-0.06064900133366648,0.3708787734963392,0.2989578534799972,0.071920920016342,0.40593238321966246,0.34009243690065655,0.0658399463190059,0.23424033124588037,0.22915259998683876,0.005087731259041617,0.12103218114689777,0.05160612328664252,0.06942605786025524,0.01560626110356105,0.018199130206515913,-0.0025928691029548645,0.03505360972332327,0.041134583420659364,-0.006080973697336097,0.04676989235376052
TOP Oss,37,26.928819274529815,44.696952341124415,-17.7681330665946,9.3464449159801,14.041838970035318,-4.6953940540552175,10.056971348822117,15.331475533545023,-5.274504184722906,5.8565777502954015,9.508275557309393,-3.651697807013991,3.1664527170360084,3.9482980109751216,-0.7818452939391132,0.3234144486486912,0.585265401750803,-0.2618509531021118,0.7105264328420163,1.289636563509703,-0.5791101306676866,3.95,8.690000000000001,-4.740000000000001,-27.782637251317496,KKD,2024-25,0.7278059263386436,1.2080257389493085,-0.4802198126106649,0.2526066193508135,0.3795091613523059,-0.12690254200149237,0.2718100364546518,0.4143642036093249,-0.14255416715467312,0.15828588514311895,0.25698042046782144,-0.09869453532470246,0.08557980316313536,0.10671075705338166,-0.0211309538902463,0.008740931044559221,0.015817983831102785,-0.007077052786543562,0.01920341710383828,0.034855042257019,-0.015651625153180717,-0.7508820878734458
Telstar,38,44.62561992742121,35.01535903476179,9.610260892659426,14.415892032906417,10.683540605008606,3.732351427897811,16.861536176875234,11.729016035795215,5.132520141080018,8.80591463856399,6.058882270008328,2.7470323685556624,4.914287645369769,3.9260546602308755,0.9882329851388936,0.6956897489726543,0.6986036747694016,-0.0029139257967472076,2.44564414396882,1.0454754307866096,1.4001687131822105,3.16,1.58,1.58,16.32278103373943,KKD,2024-25,1.1743584191426635,0.9214568167042575,0.2529016024384059,0.37936557981332675,0.2811458053949633,0.09821977441836345,0.4437246362335588,0.30865831673145305,0.13506631950210574,0.23173459575168395,0.15944427026337707,0.0722903254883069,0.12932335908867812,0.1033172279008125,0.02600613118786562,0.01830762497296459,0.018384307230773726,-7.668225780913704e-05,0.06435905642023211,0.02751251133648973,0.03684654508374238,0.42954686930893243
VVV Venlo,38,39.550293043255806,41.598781764507294,-2.0484887212514877,16.026745215058334,14.652210257947441,1.3745349571108925,16.932500794529922,16.427323054522276,0.505177740007646,11.173656243830926,10.896221827715635,0.27743441611529107,4.004856314510107,3.074167519807813,0.9306887947022942,0.8482326567173004,0.681820910423994,0.16641174629330646,0.9057555794715884,1.775112796574831,-0.8693572171032427,0.79,4.74,-3.95,-5.4933109812438445,KKD,2024-25,1.040797185348837,1.0947047832765078,-0.053907597927670727,0.42175645302785086,0.3855844804723011,0.036171972555549804,0.4455921261718401,0.43229797511900725,0.01329415105283279,0.29404358536397174,0.28674267967672723,0.007300905687244502,0.10539095564500282,0.08089914525810034,0.024491810386902478,0.022321912018876327,0.017942655537473526,0.004379256481402802,0.023835673143989166,0.04671349464670608,-0.022877821502716913,-0.14456081529589065
Vitesse,38,40.390848686918616,45.1367596834898,-4.745910996571183,9.235363338142633,12.70289218425751,-3.4675288461148774,10.209713198244572,14.522226881235843,-4.312513682991272,5.420589353889229,6.947668313980106,-1.5270789600908774,3.0948654264211646,5.087779488414526,-1.9929140619933614,0.7199085578322411,0.6674443818628787,0.05246417596936237,0.9743498601019381,1.8193346969783322,-0.844984836876394,5.53,4.74,0.79,-8.268424679562457,KKD,2024-25,1.0629170707083846,1.1878094653549947,-0.12489239464661009,0.243035877319543,0.33428663642782924,-0.09125075910828624,0.26867666311169924,0.3821638652956801,-0.11348720218398083,0.14264708826024286,0.18283337668368702,-0.04018628842344414,0.08144382701108328,0.1338889339056454,-0.052445106894562145,0.01894496204821687,0.01756432583849681,0.0013806362097200625,0.025640785792156267,0.04787722886785085,-0.02223644307569458,-0.21759012314638046
ADO Den Haag,38,51.44304027967155,31.715928794816136,19.727111484855413,24.0637743845582,6.924622744321824,17.139151640236378,30.621990799903873,7.040334697812796,23.581656102091078,18.22284049913287,3.4118830300867558,14.810957469046116,5.1034529581666,3.1056830324232596,1.9977699257433406,0.7374809272587299,0.40705668181180954,0.3304242454469204,6.558216415345669,0.11571195349097249,6.442504461854696,3.16,0.0,3.16,46.46876758694648,KKD,2025-26,1.3537642178860934,0.8346297051267404,0.519134512759353,0.6332572206462684,0.18222691432425853,0.45103030632200997,0.8058418631553651,0.18527196573191568,0.6205698974234494,0.47954843418770715,0.08978639552859884,0.3897620386591083,0.13430139363596316,0.08172850085324368,0.05257289278271949,0.019407392822598155,0.01071201794241604,0.008695374880182115,0.17258464250909655,0.0030450514076571706,0.16953959110143937,1.222862304919644
AZ II,38,48.029988000169396,46.26363185234368,1.766356147825718,8.000625301152468,13.645793484523892,-5.645168183371425,8.063023317605257,15.46940572373569,-7.406382406130433,5.814216546714307,9.004837879911065,-3.1906213331967583,1.5332404747605322,3.924545459449291,-2.391304984688759,0.6531682796776295,0.7164101451635358,-0.06324186548590638,0.0623980164527893,1.823612239211797,-1.7612142227590077,2.37,7.9,-5.53,-11.170026258304716,KKD,2025-26,1.2639470526360368,1.2174639961143072,0.04648305652172942,0.21054277108295968,0.3590998285401024,-0.14855705745714276,0.21218482414750675,0.40708962430883394,-0.1949048001613272,0.1530056985977449,0.23696941789239645,-0.08396371929465153,0.0403484335463298,0.10327751209077081,-0.06292907854444102,0.017188638938884986,0.018852898556935154,-0.0016642596180501679,0.0016420530645470867,0.047989795768731504,-0.046347742704184416,-0.2939480594290715
Ajax II,38,38.33952124975622,57.599205877631896,-19.25968462787568,5.755818784236908,13.029629692435268,-7.27381090819836,5.885932125151157,13.678673807531599,-7.792741682380441,4.195433571934699,10.431315869092945,-6.235882297158246,0.9895587377250198,1.816430225968361,-0.8268714882433411,0.5708264745771887,0.7818835973739624,-0.2110571227967737,0.13011334091424942,0.6490441150963308,-0.5189307741820813,3.16,6.32,-3.16,-30.212426310256106,KKD,2025-26,1.0089347697304267,1.515768575727155,-0.5068338059967283,0.15146891537465548,0.34288499190619126,-0.1914160765315358,0.15489295066187256,0.3599651001982,-0.2050721495363274,0.11040614662986051,0.2745083123445512,-0.1641021657146907,0.02604101941381631,0.047800795420220026,-0.021759776006403712,0.01502174933097865,0.020575884141420062,-0.005554134810441413,0.00342403528721709,0.017080108292008706,-0.013656073004791614,-0.7950638502698976
Almere City FC,38,52.30078258737922,44.98833547346294,7.312447113916278,11.264153482392434,9.842249259352684,1.4219042230397498,13.464471785351638,10.609195426106453,2.8552763592451846,8.889737868681554,6.980307560414077,1.9094303082674768,1.984696462750435,2.029083892703056,-0.044387429952620794,0.3897191509604454,0.8328578062355518,-0.44313865527510643,2.2003183029592037,0.7669461667537686,1.4333721362054352,2.37,3.16,-0.79,9.377723473161467,KKD,2025-26,1.3763363838784004,1.18390356509113,0.19243281878727048,0.29642509164190617,0.2590065594566496,0.03741853218525657,0.3543282048776747,0.27918935331859085,0.0751388515590838,0.23394047022846193,0.18369230422142308,0.050248166007038866,0.05222885428290619,0.05339694454481726,-0.0011680902619110734,0.010255767130538038,0.02191731069040926,-0.011661543559871222,0.05790311323576852,0.02018279386194128,0.03772031937382724,0.24678219666214388
Cambuur Leeuwarden,38,55.24100101739169,38.27136486023665,16.969636157155037,14.200111597776413,11.301617426797748,2.8984941709786654,15.01053711771965,12.073643842712045,2.9368932750076056,10.496506989002228,6.169796349480748,4.32671063952148,2.9138235822319993,4.339362476021051,-1.425538893789052,0.7897810265421867,0.792458601295948,-0.0026775747537612915,0.8104255199432369,0.7720264159142969,0.03839910402893998,4.74,3.95,0.79,20.69652943216264,KKD,2025-26,1.453710553089255,1.0071411805325434,0.4465693725567115,0.3736871473099056,0.2974109849157302,0.07627616239417541,0.3950141346768329,0.3177274695450538,0.07728666513177909,0.2762238681316376,0.16236306182844074,0.11386080630319684,0.07667956795347367,0.11419374936897504,-0.03751418141550137,0.020783711224794388,0.020854173718314422,-7.0462493520034e-05,0.021326987366927286,0.020316484629323603,0.0010105027376036836,0.5446455113727011
De Graafschap,38,60.83142096363008,44.431338431313634,16.400082532316446,11.268858227878809,16.322322187945247,-5.053463960066438,14.125222939997911,17.928268374875188,-3.8030454348772764,8.256134081631899,11.33022944815457,-3.0740953665226716,2.3863633573055267,4.203300338238478,-1.816936980932951,0.6263607889413834,0.7887924015522005,-0.16243161261081718,2.8563647121191025,1.6059461869299403,1.2504185251891622,3.16,3.16,0.0,12.59703709743917,KKD,2025-26,1.6008268674639494,1.169245748192464,0.4315811192714854,0.29654890073365286,0.42953479441961173,-0.1329858936859589,0.3717163931578398,0.471796536180926,-0.10008014302308622,0.21726668635873417,0.29816393284617293,-0.08089724648743872,0.06279903571856649,0.11061316679574941,-0.04781413107718292,0.016483178656352192,0.02075769477768949,-0.004274516121337294,0.07516749242418691,0.04226174176131422,0.03290575066287269,0.3315009762483992
FC Den Bosch,38,44.83672120049596,47.87596129253507,-3.0392400920391083,11.553051173686981,15.733066672459245,-4.1800154987722635,13.034393317997457,17.103762118145823,-4.069368800148366,8.69174024835229,9.636427959427238,-0.9446877110749483,2.266659289598465,5.387434594333172,-3.120775304734707,0.594651635736227,0.7092041186988354,-0.11455248296260834,1.4813421443104748,1.3706954456865788,0.11064669862389609,4.74,4.74,0.0,-7.108608892187476,KKD,2025-26,1.1799137158025252,1.259893718224607,-0.0799800024220818,0.3040276624654469,0.41402807032787486,-0.11000040786242798,0.3430103504736173,0.4500990031091006,-0.10708865263548333,0.22873000653558656,0.2535902094586115,-0.024860202923024956,0.05964892867364382,0.14177459458771505,-0.08212566591407124,0.0156487272562165,0.0186632662815483,-0.0030145390253317984,0.03898268800817039,0.03607093278122576,0.002911755226944634,-0.18706865505756518
FC Dordrecht,38,45.13374170847237,43.39088011160493,1.7428615968674421,12.576482338830829,11.464161032810809,1.1123213060200197,13.621792564168572,12.32488094083965,1.2969116233289224,7.81242541782558,7.492228945717217,0.32019647210836233,3.9854993224143986,3.051732994616032,0.9337663277983665,0.7785575985908508,0.92019909247756,-0.1416414938867092,1.0453102253377435,0.8607199080288418,0.18459031730890174,3.16,1.58,1.58,4.619773220196365,KKD,2025-26,1.1877300449597992,1.1418652660948665,0.04586477886493269,0.3309600615481797,0.3016884482318634,0.02927161331631631,0.35846822537285716,0.32433897212735924,0.03412925324549796,0.20559014257435737,0.1971639196241373,0.008426222950220061,0.10488156111616838,0.08030876301621137,0.024572798099957015,0.02048835785765397,0.024215765591514737,-0.003727407733860769,0.02750816382467746,0.022650523895495836,0.004857639929181624,0.1215729794788517
FC Eindhoven,38,37.080122547224164,51.340049520134926,-14.259926972910762,13.592348771169783,14.584068085998293,-0.9917193148285097,15.243526564911011,16.798480946570635,-1.5549543816596234,9.079149236902596,10.799113783985376,-1.71996454708278,3.725589554756879,3.0287742130458355,0.6968153417110434,0.7876099795103071,0.7561800889670849,0.031429890543222205,1.6511777937412264,2.214412860572338,-0.5632350668311117,3.16,3.16,0.0,-15.814881354570375,KKD,2025-26,0.9757926986111622,1.3510539347403927,-0.37526123612923057,0.3576933887149943,0.3837912654210077,-0.026097876706013413,0.4011454359187108,0.4420652880676483,-0.04091985214893746,0.23892497991848938,0.28418720484172044,-0.04526222492323105,0.09804183038833891,0.07970458455383778,0.018337245834501144,0.020726578408165976,0.019899476025449604,0.0008271023827163738,0.04345204720371648,0.05827402264664048,-0.014821975442923992,-0.41618108827816774
FC Emmen,38,51.85619932971895,51.06407938525081,0.7921199444681406,11.652300776913762,12.314693700522184,-0.6623929236084223,12.196237811818719,14.211996439844368,-2.015758628025649,8.205390838906169,8.584058821201323,-0.37866798229515375,2.50052721425891,3.1872629821300515,-0.6867357678711414,0.946382723748684,0.5433718971908095,0.40301082655787457,0.543937034904957,1.8973027393221849,-1.3533657044172278,2.37,5.53,-3.16,-4.383638683557507,KKD,2025-26,1.364636824466288,1.343791562769758,0.020845261696530015,0.3066394941293095,0.32407088685584695,-0.017431392726537428,0.3209536266268084,0.3739999063116939,-0.053046279684885504,0.2159313378659518,0.22589628476845586,-0.009964946902504046,0.06580334774365552,0.08387534163500136,-0.01807199389134583,0.024904808519702212,0.014299260452389722,0.010605548067312488,0.014314132497498869,0.04992901945584697,-0.0356148869583481,-0.11535891272519755
FC Utrecht II,38,44.94148993678391,44.25713828019798,0.6843516565859318,14.392689894884825,10.620472326874733,3.772217568010092,14.837837934494019,11.533879175782205,3.303958758711813,8.76617655530572,6.532600622624161,2.2335759326815587,4.963843520730734,3.374979645013809,1.5888638757169247,0.6626698188483715,0.7128920592367648,-0.05022224038839329,0.4451480396091934,0.9134068489074705,-0.46825880929827707,6.32,3.95,2.37,6.358310415297737,KKD,2025-26,1.1826707878101028,1.1646615336894204,0.018009254120682414,0.3787549972338112,0.27948611386512456,0.09926888336868663,0.39046941932879,0.3035231362047949,0.08694628312399508,0.23068885671857156,0.1719105427006358,0.058778314017935755,0.1306274610718614,0.08881525381615288,0.04181220725570854,0.017438679443378197,0.018760317348335914,-0.0013216379049577182,0.011714422094978773,0.024037022339670276,-0.012322600244691501,0.16732395829730887
Helmond Sport,38,37.97171903960407,46.93762703798711,-8.965907998383045,9.23076644167304,12.496157299727201,-3.265390858054161,9.822579748928549,13.803923420608044,-3.981343671679495,6.709675382822753,7.61943069472909,-0.9097553119063368,1.7759151011705405,4.3299550004303455,-2.554039899259805,0.7451759576797485,0.5467716045677663,0.19840435311198223,0.5918133072555066,1.3077661208808424,-0.7159528136253358,5.53,4.74,0.79,-12.15725167006255,KKD,2025-26,0.9992557642001071,1.2352007115259767,-0.2359449473258696,0.24291490635981686,0.3288462447296632,-0.08593133836984634,0.2584889407612776,0.3632611426475801,-0.1047722018863025,0.17657040481112507,0.20051133407181815,-0.023940929260693074,0.04673460792554054,0.1139461842218512,-0.06721157629631065,0.019609893623151277,0.01438872643599385,0.005221167187157427,0.0155740344014607,0.03441489791791691,-0.018840863516456207,-0.31992767552796186
MVV,38,34.31974473036826,57.15523089841008,-22.835486168041825,9.356059985235333,16.82966786250472,-7.473607877269387,9.943218665197492,17.731816790997982,-7.78859812580049,6.087964596226811,12.12815361469984,-6.040189018473029,2.7995711974799624,3.8711356818676,-1.0715644843876375,0.4685241915285588,0.8303785659372807,-0.36185437440872187,0.5871586799621576,0.9021489284932616,-0.3149902485311039,2.37,3.95,-1.58,-32.204084293842314,KKD,2025-26,0.9031511771149541,1.5040850236423706,-0.6009338465274164,0.24621210487461404,0.4428859963817032,-0.19667389150708914,0.2616636490841445,0.4666267576578416,-0.20496310857369712,0.16020959463754766,0.31916193722894315,-0.1589523425913955,0.07367292624947269,0.10187199162809474,-0.02819906537862204,0.012329583987593653,0.02185206752466528,-0.009522483537071628,0.015451544209530465,0.023740761276138462,-0.008289217066607998,-0.8474759024695345
PSV II,38,45.0564202349633,56.228864438831806,-11.172444203868508,11.14594950340688,12.643463814631104,-1.497514311224224,11.37755330093205,14.766623625531796,-3.3890703245997464,6.949807828292251,9.268190370872619,-2.318382542580368,3.1583179198205467,2.561147078871726,0.5971708409488206,1.0378237552940845,0.8141263648867607,0.22369739040732384,0.2316037975251674,2.123159810900688,-1.8915560133755207,4.74,3.16,1.58,-12.981514528468246,KKD,2025-26,1.1856952693411393,1.4797069589166265,-0.29401168957548707,0.29331446061597055,0.33272273196397645,-0.0394082713480059,0.2994092973929487,0.3885953585666262,-0.08918606117367754,0.18288967969190134,0.24389974660191102,-0.06101006691000968,0.08311362946896175,0.06739860733872964,0.01571502213023212,0.02731115145510749,0.02142437802333581,0.00588677343177168,0.00609483677697809,0.05587262660264969,-0.049777789825671596,-0.3416188033807433
RKC Waalwijk,38,54.92485657893121,39.16331356018782,15.761543018743396,9.700766870751979,12.297604288905859,-2.5968374181538803,10.264313517138365,13.604915965348482,-3.3406024482101166,7.103929078206422,9.524263489991426,-2.4203344117850047,1.9365812242031097,2.250250320881605,-0.3136690966784954,0.6602565683424474,0.5230904780328273,0.13716609030962013,0.5635466463863853,1.3073116764426227,-0.7437650300562374,3.16,0.79,2.37,14.79094057053328,KKD,2025-26,1.445390962603453,1.0306135147417848,0.4147774478616683,0.25528333870399944,0.3236211654975226,-0.06833782679352317,0.27011351360890434,0.35802410435127585,-0.0879105907423715,0.18694550205806373,0.2506385128945112,-0.06369301083644749,0.050962663794818674,0.05921711370741066,-0.008254449912591985,0.017375172851117036,0.013765538895600718,0.003609633955516319,0.014830174904904877,0.03440293885375323,-0.019572763948848354,0.38923527817192843
Roda JC,38,46.88129591755569,44.64396779425442,2.2373281233012676,13.014375755563378,9.539920328184966,3.4744554273784125,14.102264123037457,10.384048478677872,3.718215644359585,8.981065144762397,6.918883429840211,2.062181714922186,3.2923640944063655,2.1436225175857553,1.1487415768206102,0.7409465163946152,0.47741438075900083,0.26353213563561434,1.087888367474079,0.8441281504929065,0.24376021698117245,6.32,3.16,3.16,9.115543767660839,KKD,2025-26,1.2337183136198866,1.1748412577435374,0.05887705587634915,0.34248357251482575,0.25105053495223595,0.0914330375625898,0.3711122137641436,0.2732644336494177,0.09784778011472592,0.23634381959901044,0.1820758797326371,0.05426793986637332,0.08664116037911489,0.05641111888383567,0.030230041495279216,0.019498592536700398,0.01256353633576318,0.006935056200937219,0.028628641249317865,0.02221389869718175,0.006414742552136117,0.2398827307279168
TOP Oss,38,38.01544632203877,48.29510492272674,-10.279658600687974,11.725183233618738,15.849546793848278,-4.12436356022954,13.282610762864353,17.008883137255907,-3.726272374391554,6.529856774955989,12.613898854702715,-6.084042079746726,4.648392181843519,2.481357119977474,2.167035061866045,0.5469342768192291,0.7542908191680907,-0.20735654234886158,1.5574275292456154,1.159336343407631,0.39809118583798453,2.37,3.16,-0.79,-14.795930975079528,KKD,2025-26,1.000406482158915,1.2709238137559669,-0.27051733159705194,0.30855745351628255,0.41709333668021786,-0.10853588316393525,0.3495423884964303,0.44760218782252387,-0.09805979932609353,0.17183833618305233,0.33194470670270304,-0.16010637051965068,0.12232611004851367,0.06529887157835458,0.05702723847015908,0.014393007284716555,0.019849758399160283,-0.0054567511144437255,0.040984934980147776,0.030508851142306077,0.010476083837841698,-0.389366604607356
VVV Venlo,38,46.09269461967051,47.87115224264562,-1.778457622975111,14.812359983101494,14.018093034625053,0.7942669484764409,15.755381098017104,14.70039989054203,1.0549812074750733,10.586677329614766,8.810342252254486,1.7763350773602795,3.282364916056395,4.3638556227087975,-1.0814907066524024,0.943317737430334,0.8438951596617699,0.09942257776856411,0.9430211149156094,0.682306855916977,0.2607142589986323,3.16,5.53,-2.37,-3.0934764155000494,KKD,2025-26,1.212965647886066,1.259767164280148,-0.046801516394081866,0.3897989469237235,0.36889718512171193,0.0209017618020116,0.4146152920530817,0.3868526286984745,0.02776266335460719,0.2785967718319675,0.23185111190143384,0.04674565993053367,0.08637802410674723,0.11483830586075783,-0.02846028175401059,0.02482415098500879,0.02220776735952026,0.0026163836254885294,0.024816345129358142,0.017955443576762552,0.006860901552595587,-0.08140727409210656
Vitesse,38,43.57288424298167,44.6905717253685,-1.1176874823868275,14.487392211332917,11.970775462687016,2.5166167486459017,16.09974174387753,13.546548530459404,2.553193213418126,7.304826004430651,8.284730471670628,-0.9799044672399768,6.24288235604763,3.0748434886336335,3.1680388674139968,0.9396838508546352,0.6112015023827552,0.32848234847188007,1.6123495325446127,1.5757730677723893,0.036576464772223316,3.95,2.37,1.58,3.015505731031304,KKD,2025-26,1.1466548484995176,1.1760676769833815,-0.02941282848386388,0.3812471634561294,0.3150204069128162,0.0662267565433132,0.42367741431256656,0.3564881192226159,0.06718929508995068,0.1922322632744908,0.2180192229387007,-0.025786959664209918,0.1642863777907271,0.08091693391141142,0.0833694438793157,0.024728522390911455,0.016084250062704083,0.00864427232820737,0.042430250856437174,0.04146771230979972,0.0009625385466374557,0.079355413974508
Willem II,38,52.96910326182842,43.65444726869464,9.314655993133783,18.68357410095632,9.048717319965363,9.634856780990958,18.822591373696923,11.255539279431105,7.567052094265819,13.891383333131675,7.034243877977135,6.85713945515454,4.37847525626421,1.3433620370924468,3.035113219171763,0.41371551156044,0.6711114048957824,-0.25739589333534235,0.1390172727406025,2.2068219594657426,-2.06780468672514,2.37,2.37,0.0,16.881708087399602,KKD,2025-26,1.3939237700481164,1.1488012439130169,0.24512252613509955,0.4916730026567453,0.2381241399990885,0.2535488626576568,0.4953313519393927,0.29619840209029225,0.1991329498491005,0.3655627192929388,0.1851116809993983,0.18045103829354053,0.11522303305958446,0.03535163255506439,0.07987140050452007,0.010887250304222105,0.01766082644462585,-0.006773576140403746,0.003658349282647434,0.058074262091203754,-0.054415912808556316,0.44425547598420007
ADO Den Haag,34,17.796742232516408,57.02285082824528,-39.226108595728874,7.42732211202383,14.220119535923004,-6.792797423899174,7.603719398379326,14.817413914948702,-7.213694516569376,5.7968800608068705,9.85213890299201,-4.05525884218514,1.3327884916216135,3.3856801092624664,-2.052891617640853,0.29765355959534645,0.9823005236685276,-0.6846469640731812,0.17639728635549545,0.5972943790256977,-0.42089709267020226,3.95,5.53,-1.58,-48.01980311229825,ERE,2020-21,0.523433595074012,1.677142671418979,-1.1537090763449669,0.21845065035364208,0.4182388098800884,-0.1997881595264463,0.22363880583468607,0.43580629161613826,-0.21216748578145223,0.17049647237667265,0.28976879126447086,-0.11927231888779823,0.03919966151828275,0.09957882674301372,-0.06037916522473097,0.00875451645868666,0.028891191872603753,-0.02013667541391709,0.005188155481043984,0.017567481736049932,-0.012379326255005948,-1.412347150361713
AZ Alkmaar,34,46.807683140039444,25.872441854327917,20.935241285711527,11.387001797556877,9.464568961411715,1.9224328361451626,11.7584323361516,9.642636802047491,2.115795534104109,6.439218673855066,4.356022164225578,2.083196509629488,4.260920066386461,4.3449513632804155,-0.08403129689395428,0.6868630573153496,0.7635954339057207,-0.07673237659037113,0.37143053859472275,0.17806784063577652,0.19336269795894623,10.27,3.16,7.109999999999999,30.161036819815635,ERE,2020-21,1.3766965629423367,0.7609541721861152,0.6157423907562214,0.3349118175752023,0.27836967533563867,0.05654214223956361,0.3458362451809294,0.2836069647661027,0.062229280414826726,0.189388784525149,0.12811829894781113,0.061270485577337885,0.1253211784231312,0.12779268715530634,-0.002471508732175126,0.020201854626922047,0.022458689232521197,-0.002256834605599151,0.010924427605727139,0.005237289430464015,0.005687138175263125,0.8870893182298716
Ajax,34,72.52024134993553,23.69728408381343,48.8229572661221,15.44701537117362,6.820795679464936,8.626219691708684,15.47993540018797,6.981598744168878,8.498336656019092,12.370261451229453,2.704983737319708,9.665277713909745,2.2521385550498962,3.311897272244096,-1.0597587171941996,0.8246153648942709,0.8039146699011326,0.020700694993138313,0.032920029014348984,0.16080306470394135,-0.12788303568959236,8.690000000000001,1.58,7.110000000000001,64.4312939221412,ERE,2020-21,2.1329482749981037,0.6969789436415714,1.4359693313565325,0.4543239815051065,0.20061163763132164,0.25371234387378483,0.4552922176525873,0.20534113953437874,0.24995107811820858,0.36383121915380745,0.07955834521528553,0.2842728739385219,0.06623936926617342,0.09740874330129694,-0.031169374035123515,0.024253393085125613,0.023644549114739195,0.0006088439703864209,0.0009682361474808524,0.004729501903057098,-0.003761265755576246,1.8950380565335645
FC Emmen,34,27.553115928545594,41.433804634958506,-13.880688706412911,11.398916067555547,11.702727317810059,-0.30381125025451183,11.398916067555547,11.96573344245553,-0.5668173748999834,5.384680299088359,6.7997747752815485,-1.4150944761931896,4.874742871150374,4.17970585078001,0.6950370203703642,1.1394928973168135,0.7232466917484999,0.4162462055683136,0.0,0.2630061246454716,-0.2630061246454716,7.9,3.16,4.74,-9.707506081312893,ERE,2020-21,0.8103857626042822,1.2186413127928972,-0.40825555018861504,0.3352622372810455,0.3441978622885311,-0.008935625007485641,0.3352622372810455,0.3519333365428097,-0.016671099261764216,0.15837294997318702,0.19999337574357495,-0.04162042577038793,0.1433747903279522,0.12293252502294148,0.020442265305010712,0.03351449697990628,0.0212719615220147,0.012242535457891576,0.0,0.007735474254278576,-0.007735474254278576,-0.2855148847444968
FC Groningen,34,31.13333829678595,31.218008030205965,-0.08466973342001438,7.20761033706367,12.408830925822258,-5.201220588758588,9.160230675712228,12.823182553052902,-3.6629518773406744,4.088251560926437,8.012987462803721,-3.924735901877284,2.477969791740179,3.8322434555739164,-1.3542736638337374,0.6413889843970537,0.5636000074446201,0.07778897695243359,1.9526203386485577,0.4143516272306442,1.5382687114179134,0.0,4.74,-4.74,-8.487621610760684,ERE,2020-21,0.9156864204937044,0.9181767067707637,-0.0024902862770592466,0.21198853932540207,0.36496561546536055,-0.15297707613995848,0.2694185492856538,0.3771524280309677,-0.10773387874531395,0.12024269296842463,0.23567610184716828,-0.11543340887874365,0.07288146446294644,0.11271304281099755,-0.0398315783480511,0.01886438189403099,0.01657647080719471,0.0022879110868362818,0.057430009960251695,0.012186812565607183,0.04524319739464451,-0.2496359297282554
FC Utrecht,34,46.741960352286696,27.098369186744094,19.643591165542603,15.653210071846843,8.25228214263916,7.400927929207683,16.396792078390718,8.875790603458881,7.521001474931836,9.680147983133793,5.902155736461282,3.777992246672511,5.722743131220341,1.6655793711543083,4.057163760066032,0.25031895749270916,0.6845470350235701,-0.4342280775308609,0.7435820065438747,0.6235084608197212,0.12007354572415352,4.74,3.95,0.79,27.954592640474452,ERE,2020-21,1.3747635397731381,0.7970108584336498,0.5777526813394883,0.46038853152490716,0.24271418066585765,0.2176743508590495,0.4822585905409035,0.26105266480761413,0.2212059257332893,0.28471023479805274,0.17359281577827299,0.11111741901977974,0.16831597444765709,0.04898762856336201,0.11932834588429507,0.007362322279197329,0.020133736324222648,-0.01277141404502532,0.021870059015996316,0.018338484141756508,0.0035315748742398094,0.822193901190425
Feyenoord,34,45.925647573545575,26.769032137468457,19.156615436077118,14.731499524787068,7.206719726324081,7.524779798462987,14.862962340936065,7.376440420746803,7.486521920189261,11.09865185059607,5.320783339440823,5.777868511155248,3.2271268516778946,1.3096865210682154,1.9174403306096792,0.4057208225131035,0.5762498658150434,-0.17052904330193996,0.13146281614899635,0.16972069442272186,-0.03825787827372551,8.690000000000001,7.11,1.580000000000001,28.223137356266378,ERE,2020-21,1.3507543403983993,0.7873244746314252,0.5634298657669741,0.43327939778785496,0.21196234489188476,0.2213170528959702,0.4371459512040019,0.21695413002196481,0.2201918211820371,0.32643093678223734,0.15649362763061242,0.16993730915162494,0.09491549563758514,0.03852019179612398,0.05639530384146115,0.011932965368032455,0.016948525465148336,-0.005015560097115881,0.0038665534161469515,0.004991785130080055,-0.0011252317139331031,0.8300922751843052
Fortuna Sittard,34,34.775497276335955,42.47522068209946,-7.699723405763507,7.000235680490732,9.962418070062995,-2.9621823895722628,7.344981342554092,10.36919460631907,-3.0242132637649775,5.028941312804818,5.698707073926926,-0.6697657611221075,1.224146155640483,3.544330785050988,-2.3201846294105053,0.7471482120454311,0.7193802110850811,0.027768000960350037,0.3447456620633602,0.4067765362560749,-0.06203087419271469,3.16,7.9,-4.74,-15.463936669528486,ERE,2020-21,1.0228087434216457,1.249271196532337,-0.22646245311069138,0.20588928472031565,0.29301229617832336,-0.08712301145800773,0.21602886301629684,0.30497631195056085,-0.08894744893426404,0.1479100386119064,0.16760903158608606,-0.01969899297417963,0.03600429869530832,0.10424502308973495,-0.06824072439442663,0.021974947413100916,0.021158241502502385,0.0008167059105985305,0.010139578295981182,0.011964015772237498,-0.0018244374762563145,-0.45482166675083785
Heracles,34,30.39396622404456,32.77286404930055,-2.37889782525599,8.706022979691625,9.348896089941263,-0.6428731102496386,9.375738421455026,9.394444394856691,-0.018705973401665688,6.495385307818651,4.799152629449964,1.6962326783686876,1.5595168713480234,3.9219435900449753,-2.362426718696952,0.65112080052495,0.6277998704463243,0.02332093007862568,0.669715441763401,0.04554830491542816,0.6241671368479729,4.74,4.74,0.0,-2.3976037986576557,ERE,2020-21,0.8939401830601341,0.9639077661558986,-0.06996758309576441,0.25605949940269485,0.27496753205709595,-0.018908032654401136,0.275757012395736,0.2763071880840203,-0.0005501756882842849,0.1910407443476074,0.14115154792499893,0.04988919642260846,0.04586814327494187,0.11535128206014633,-0.06948313878520447,0.01915061178014559,0.018464702071950716,0.0006859097081948729,0.019697512993041205,0.0013396560269243578,0.01835785696611685,-0.0705177587840487
PEC Zwolle,34,29.67002479545772,36.220289485529065,-6.550264690071344,9.962947087362409,10.624569170176983,-0.6616220828145742,10.134449047967792,10.787029057741165,-0.6525800097733736,5.437951929867268,7.123435894027352,-1.6854839641600847,3.902790393680334,2.88783030025661,1.0149600934237242,0.6222047638148069,0.6133029758930206,0.008901787921786308,0.17150196060538292,0.16245988756418228,0.009042073041200638,4.74,2.37,2.37,-4.8328446998447205,ERE,2020-21,0.8726477881016976,1.0653026319273255,-0.19265484382562778,0.2930278555106591,0.31248732853461714,-0.019459473023958066,0.2980720308225821,0.317265560521799,-0.01919352969921687,0.15993976264315493,0.2095128204125692,-0.04957305776941426,0.11478795275530394,0.084936185301665,0.029851767453638947,0.018300140112200203,0.01803832282038296,0.0002618172918172444,0.005044175311923027,0.004778231987181832,0.00026594332474119524,-0.14214249117190356
PSV Eindhoven,33,50.623951798304915,21.996517373248935,28.62743442505598,11.644717836752534,5.959975527599454,5.68474230915308,11.685112601146102,6.254759022966027,5.430353578180075,7.74032224342227,2.8030782006680965,4.937244042754173,2.9998583272099495,2.873670134693384,0.12618819251656532,0.9045372661203146,0.2832271922379732,0.6213100738823414,0.04039476439356804,0.29478349536657333,-0.2543887309730053,7.11,4.74,2.37,36.42778800323605,ERE,2020-21,1.5340591454031793,0.666561132522695,0.8674980128804842,0.3528702374773495,0.18060531901816526,0.17226491845918424,0.3540943212468516,0.18953815221109174,0.16455616903575984,0.23455521949764455,0.08494176365660899,0.14961345584103555,0.09090479779424089,0.0870809131725268,0.003823884621714101,0.027410220185464077,0.008582642189029491,0.018827577996434586,0.0012240837695020618,0.008932833192926464,-0.007708749423424403,1.1038723637344259
RKC Waalwijk,34,23.51724791713059,49.20638615451753,-25.689138237386942,9.268939919769764,10.451060703024268,-1.1821207832545042,9.268939919769764,11.064175652340055,-1.7952357325702906,5.942386461421847,5.816376773640513,0.12600968778133392,2.901347441598773,3.9142509382218122,-1.0129034966230392,0.4252060167491436,0.7204329911619425,-0.2952269744127989,0.0,0.6131149493157864,-0.6131149493157864,1.58,4.74,-3.16,-30.64437396995723,ERE,2020-21,0.6916837622685468,1.4472466516034568,-0.75556288933491,0.27261587999322834,0.30738413832424316,-0.03476825833101483,0.27261587999322834,0.3254169309511781,-0.05280105095794972,0.17477607239476023,0.17106990510707393,0.0037061672876862917,0.08533374828231685,0.11512502759475918,-0.02979127931244233,0.012506059316151282,0.021189205622410074,-0.00868314630625879,0.0,0.018032792626934892,-0.018032792626934892,-0.9013051167634479
SC Heerenveen,34,34.40145587734878,40.42072829976678,-6.019272422417998,7.219228720292449,11.123374430462718,-3.904145710170269,8.438082633540034,11.67814020626247,-3.240057572722435,5.213443284854293,8.562093237414956,-3.3486499525606632,1.4742884784936905,1.9891670364886522,-0.5148785579949617,0.5314969569444656,0.5721141565591097,-0.04061719961464405,1.2188539132475853,0.5547657757997513,0.664088137447834,3.16,6.32,-3.16,-12.41932999514043,ERE,2020-21,1.011807525804376,1.1888449499931406,-0.17703742418876467,0.21233025647918968,0.32715807148419757,-0.11482781500500791,0.2481789009864716,0.34347471194889617,-0.09529581096242457,0.15333656720159686,0.25182627168867516,-0.09848970448707833,0.04336142583804972,0.05850491283790154,-0.015143486999851815,0.015632263439543107,0.016826886957620874,-0.0011946235180777661,0.035848644507281924,0.016316640464698568,0.019532004042583352,-0.3652744116217774
Sparta Rotterdam,34,34.309952607378364,34.80800977535546,-0.49805716797709465,9.124467253684998,11.722193589434028,-2.59772633574903,9.234063725918531,12.01254983432591,-2.778486108407378,5.933895364403725,8.181597327813506,-2.2477019634097815,2.6927945371717215,2.4722690004855394,0.22052553668618202,0.49777735210955143,1.068327261134982,-0.5705499090254307,0.10959647223353386,0.29035624489188194,-0.18075977265834808,3.95,3.95,0.0,-3.2765432763844657,ERE,2020-21,1.0091162531581872,1.0237649933928077,-0.014648740234620431,0.2683666839319117,0.3447703996892361,-0.07640371575732441,0.2715901095858392,0.35331028924487967,-0.08172017965904053,0.17452633424716837,0.24063521552392664,-0.06610888127675828,0.07919983932858005,0.07271379413192763,0.006486045196652412,0.014640510356163277,0.031421390033381826,-0.01678087967721855,0.0032234256539274662,0.008539889555643587,-0.00531646390171612,-0.09636891989366075
Twente,34,34.80918061174452,33.226418094709516,1.5827625170350075,7.202146517112851,11.364811344072223,-4.162664826959372,7.202146517112851,11.723687266930938,-4.521540749818087,5.377619678154588,6.799022262915969,-1.4214025847613811,1.493480645120144,4.057518092915416,-2.564037447795272,0.3310461938381195,0.508270988240838,-0.17722479440271854,0.0,0.35887592285871506,-0.35887592285871506,5.53,7.9,-2.37,-5.308778232783084,ERE,2020-21,1.023799429757192,0.9772475910208681,0.04655183873632375,0.21182783873861327,0.3342591571785948,-0.12243131843998152,0.21182783873861327,0.3448143313803217,-0.13298649264170842,0.1581652846516055,0.19997124302694025,-0.04180595837533474,0.043925901327063054,0.1193387674386887,-0.07541286611162565,0.00973665275994469,0.014949146712965825,-0.005212493953021134,0.0,0.010555174201726913,-0.010555174201726913,-0.156140536258326
VVV-Venlo,34,25.79802007973194,53.62017468735576,-27.822154607623816,9.645906677469611,12.790575867518783,-3.1446691900491714,9.874854339286685,12.9411098677665,-3.0662555284798145,4.289952360093594,9.044331965968013,-4.754379605874419,5.0971645303070545,2.493194654583931,2.6039698757231236,0.25878978706896305,1.2530492469668388,-0.9942594598978758,0.22894766181707382,0.1505340002477169,0.07841366156935692,7.11,8.690000000000001,-1.580000000000001,-32.46841013610363,ERE,2020-21,0.7587652964627042,1.5770639613928163,-0.8182986649301123,0.2837031375726356,0.3761934078681995,-0.09249027029556386,0.29043689233196135,0.38062087846372056,-0.09018398613175925,0.12617506941451745,0.26600976370494156,-0.13983469429042408,0.14991660383256042,0.0733292545465862,0.07658734928597422,0.007611464325557737,0.03685438961667173,-0.029242925291113993,0.006733754759325701,0.004427470595521086,0.0023062841638046153,-0.9549532392971656
Vitesse,34,34.369401060044765,34.394107554107904,-0.024706494063138962,12.510830897837877,10.219244841486216,2.2915860563516617,12.554180670529604,10.581122651696205,1.9730580188333988,4.5661343690007925,6.301694145426154,-1.7355597764253616,6.04418097063899,3.6790845654904842,2.365096405148506,1.9005155581980944,0.23846613056957722,1.6620494276285172,0.043349772691726685,0.36187781020998955,-0.31852803751826286,3.16,3.16,0.0,1.9483515247702599,ERE,2020-21,1.0108647370601402,1.0115913986502325,-0.0007266615900923224,0.3679656146422905,0.3005660247495946,0.06739958989269593,0.36924060795675306,0.31120948975577073,0.05803111820098232,0.1342980696764939,0.1853439454537104,-0.05104587577721652,0.1777700285482056,0.10820836957324953,0.06956165897495606,0.05589751641759101,0.007013709722634624,0.048883806694956386,0.0012749933144625496,0.010643465006176163,-0.009368471691713613,0.057304456610889995
Willem II,33,32.11127279140055,41.00619300082326,-8.894920209422708,8.736902052536607,10.63175698183477,-1.8948549292981625,8.736902052536607,11.221430527046323,-2.484528474509716,4.875519251450896,7.681307813152671,-2.8057885617017746,2.906163338571787,2.5811584070324898,0.3250049315392971,0.9552194625139236,0.3692907616496086,0.585928700864315,0.0,0.5896735452115536,-0.5896735452115536,2.37,7.11,-4.74,-16.119448683932426,ERE,2020-21,0.9730688724666834,1.2426119091158563,-0.26954303664917295,0.26475460765262443,0.322174453994993,-0.05741984634236856,0.26475460765262443,0.34004334930443403,-0.07528874165180957,0.14774300761972414,0.23276690342886883,-0.08502389580914468,0.08806555571429657,0.07821692142522696,0.009848634289069609,0.028946044318603748,0.01119062914089723,0.017755415177706516,0.0,0.017868895309441017,-0.017868895309441017,-0.4884681419373462
AZ Alkmaar,34,43.53116085939109,29.692914770916104,13.838246088474989,10.168049741536379,10.9576075989753,-0.7895578574389219,10.41344203054905,11.181236686185002,-0.767794655635953,8.298923838883638,7.492450190708041,0.8064736481755972,1.38206946849823,2.612154334783554,-1.230084866285324,0.4870564341545105,0.8530030734837055,-0.365946639329195,0.24539228901267052,0.22362908720970154,0.02176320180296898,5.53,0.0,5.53,18.600451432839037,ERE,2021-22,1.2803282605703263,0.873321022674003,0.4070072378963232,0.2990602865157759,0.32228257644045,-0.023222289924674174,0.3062777067808544,0.32885990253485303,-0.022582195753998616,0.2440859952612835,0.22036618207964828,0.023719813181635213,0.040649102014653826,0.07682806867010453,-0.03617896665545071,0.014325189239838543,0.02508832569069722,-0.010763136450858676,0.007217420265078545,0.006577326094402987,0.0006400941706755582,0.547072100965854
Ajax,34,71.66398868523538,21.698446944355965,49.96554174087942,17.79945215396583,5.621095443144441,12.17835671082139,18.35867259465158,6.007065465673804,12.351607128977776,12.974836053326726,4.537561779841781,8.437274273484945,4.160889055579901,0.7749499790370464,3.3859390765428543,0.6637270450592041,0.30858368426561356,0.35514336079359055,0.559220440685749,0.38597002252936363,0.17325041815638542,7.11,0.0,7.11,69.42714886985719,ERE,2021-22,2.1077643730951583,0.6381896160104695,1.4695747570846887,0.5235132986460539,0.16532633656307177,0.35818696208298206,0.539960958666223,0.17667839604922952,0.3632825626169934,0.3816128250978449,0.1334576994071112,0.2481551256907337,0.12237908986999708,0.02279264644226607,0.09958644342773101,0.019521383678211886,0.009075990713694516,0.010445392964517368,0.01644766002016909,0.011352059486157754,0.005095600534011336,2.0419749667605056
Cambuur,34,28.285133969038725,49.84111272543669,-21.555978756397963,8.995461322367191,17.321147073060274,-8.325685750693083,8.995461322367191,17.905239801853895,-8.909778479486704,5.154961716383696,11.840414591133595,-6.685452874749899,3.51029671728611,5.114262230694294,-1.603965513408184,0.3302028886973858,0.36647025123238564,-0.03626736253499985,0.0,0.5840927287936211,-0.5840927287936211,3.95,1.58,2.37,-28.095757235884662,ERE,2021-22,0.8319157049717272,1.4659150801599026,-0.6339993751881754,0.2645723918343292,0.5094455021488316,-0.24487311031450243,0.2645723918343292,0.5266247000545263,-0.26205230822019715,0.1516165210701087,0.3482474879745175,-0.1966309669044088,0.10324402109665029,0.1504194773733616,-0.0471754562767113,0.00971184966757017,0.010778536800952518,-0.0010666871333823485,0.0,0.017179197905694738,-0.017179197905694738,-0.8263458010554312
FC Groningen,34,29.165790002793074,35.86671091802418,-6.700920915231109,7.660967925563455,9.628685854375362,-1.9677179288119078,9.537893058732152,11.122228622436523,-1.5843355637043715,3.3953645769506693,8.002030540257692,-4.606665963307023,3.46617791056633,1.0099435672163963,2.4562343433499336,0.7994254380464554,0.6167117469012737,0.18271369114518166,1.8769251331686974,1.493542768061161,0.3833823651075363,0.79,1.58,-0.79,-9.07525647893548,ERE,2021-22,0.8578173530233257,1.054903262294829,-0.19708590927150318,0.22532258604598396,0.28319664277574597,-0.057874056729761994,0.2805262664332986,0.32712437124813304,-0.04659810481483445,0.09986366402796086,0.2353538394193439,-0.13549017539138303,0.10194640913430382,0.029704222565188128,0.0722421865691157,0.023512512883719278,0.018138580791213933,0.0053739320925053425,0.05520368038731463,0.04392772847238709,0.01127595191492754,-0.2669193082039847
FC Utrecht,34,42.19973379187286,31.832180401310325,10.367553390562534,15.366752836853266,10.294786093756557,5.071966743096709,15.61859156563878,10.73008875735104,4.88850280828774,11.77870498970151,7.1659682635217905,4.612736726179719,3.2558298595249653,2.2811289839446545,0.9747008755803108,0.332217987626791,0.8476888462901115,-0.5154708586633205,0.25183872878551483,0.43530266359448433,-0.1834639348089695,4.74,3.16,1.58,16.836056198850272,ERE,2021-22,1.241168640937437,0.9362406000385389,0.3049280408988981,0.4519633187309784,0.30278782628695755,0.14917549244402087,0.4593703401658465,0.31559084580444235,0.1437794943614041,0.3464324996971032,0.21076377245652325,0.13566872724057996,0.09575970175073427,0.06709202893954866,0.028667672811185613,0.009771117283140911,0.024932024890885633,-0.015160907607744722,0.007407021434868083,0.012803019517484833,-0.00539599808261675,0.49517812349559626
Feyenoord,34,54.88981604203582,24.339813016355038,30.55000302568078,16.04883631505072,5.710393853485584,10.338442461565137,17.01633574999869,5.9293094128370285,11.08702633716166,11.942040981724858,3.699182938784361,8.242858042940497,3.247875075787306,1.7046605162322521,1.5432145595550537,0.858920257538557,0.30655039846897125,0.5523698590695858,0.9674994349479675,0.21891555935144424,0.7485838755965233,3.16,3.16,0.0,41.63702936284244,ERE,2021-22,1.614406354177524,0.715876853422207,0.8985295007553171,0.4720245975014918,0.16795276039663484,0.30407183710485697,0.5004804632352555,0.17439145331873612,0.3260890099165194,0.35123649946249585,0.10879949819954003,0.2424370012629558,0.09552573752315606,0.05013707400683094,0.04538866351632511,0.025262360515839914,0.00901618819026386,0.016246172325576052,0.02845586573376375,0.006438692922101301,0.02201717281166245,1.2246185106718366
Fortuna Sittard,34,23.319434272125363,55.08458081446588,-31.765146542340517,10.512005830183625,12.18706564605236,-1.6750598158687353,10.899615487083793,12.747047770768404,-1.8474322836846113,8.142147047445178,8.774374708533287,-0.632227661088109,1.6350990496575832,2.5879361666738987,-0.9528371170163155,0.734759733080864,0.8247547708451748,-0.08999503776431084,0.38760965690016747,0.5599821247160435,-0.172372467815876,2.37,1.58,0.79,-32.82257882602513,ERE,2021-22,0.6858657138860401,1.6201347298372317,-0.9342690159511917,0.3091766420642243,0.35844310723683415,-0.04926646517260986,0.32057692609069977,0.3749131697284825,-0.05433624363778269,0.2394749131601523,0.25806984436862607,-0.018594931208473796,0.04809114851934068,0.07611576960805584,-0.02802462108871516,0.021610580384731293,0.0242574932601522,-0.002646912875420907,0.011400284026475513,0.016470062491648337,-0.0050697784651728235,-0.9653699654713274
Go Ahead Eagles,34,25.574401512742043,45.96164709888399,-20.387245586141944,10.56369612365961,11.105287918820977,-0.5415917951613665,10.88478184863925,11.158035608008504,-0.2732537593692541,7.654478449374437,7.00252234749496,0.6519561018794775,2.522861532866955,3.74464013800025,-1.221778605133295,0.3863561414182186,0.3581254333257675,0.028230708092451096,0.32108572497963905,0.0527476891875267,0.26833803579211235,1.58,3.16,-1.58,-22.240499345511196,ERE,2021-22,0.7521882797865307,1.3518131499671762,-0.5996248701806454,0.31069694481351795,0.3266261152594405,-0.01592917044592254,0.3201406426070368,0.3281775178826031,-0.008036875275566298,0.22513171909924815,0.2059565396322047,0.019175179467043457,0.07420180979020455,0.11013647464706618,-0.03593466485686162,0.011363415924065253,0.010533100980169633,0.0008303149438956205,0.009443697793518795,0.0015514026231625501,0.007892295170356245,-0.6541323336915058
Heracles,34,30.43859433941543,33.704251904040575,-3.265657564625144,10.158405870199203,12.812995804473758,-2.6545899342745543,10.25077010691166,13.256286947056651,-3.005516840144992,6.665154732763767,6.983845917508006,-0.31869118474423885,2.746508277952671,5.235047824680805,-2.488539546728134,0.7467428594827652,0.5941020622849464,0.15264079719781876,0.09236423671245575,0.44329114258289337,-0.3509269058704376,1.58,3.95,-2.37,-8.64117440477014,ERE,2021-22,0.8952527746886891,0.9913015265894287,-0.09604875190073953,0.29877664324115305,0.37685281777863994,-0.07807617453748689,0.3014932384385782,0.38989079256048975,-0.08839755412191153,0.19603396272834608,0.20540723286788254,-0.009373270139536437,0.08077965523390208,0.1539719948435531,-0.073192339609651,0.021963025278904858,0.01747359006720431,0.004489435211700552,0.002716595197425169,0.013037974781849804,-0.010321379584424636,-0.2541521883755924
NEC Nijmegen,34,30.208618249744177,39.41672830656171,-9.208110056817532,10.109658405184746,12.274904496967793,-2.1652460917830467,10.873348109424114,12.473236855119467,-1.5998887456953526,7.150376304984093,7.900620371103287,-0.750244066119194,2.436079081147909,3.775657929480076,-1.3395788483321667,0.5232030190527439,0.5986261963844299,-0.07542317733168602,0.7636897042393684,0.19833235815167427,0.5653573460876942,2.37,3.16,-0.79,-11.597998802512883,ERE,2021-22,0.8884887720512993,1.1593155384282856,-0.2708267663769862,0.2973428942701396,0.3610266028519939,-0.06368370858185432,0.3198043561595328,0.3668599075035137,-0.047055551343980956,0.21030518544070861,0.23237118738539078,-0.022066001944682178,0.07164938473964438,0.11104876263176694,-0.03939937789212255,0.015388324089786586,0.017606652834836173,-0.0022183287450495887,0.02246146188939319,0.005833304651519831,0.016628157237873357,-0.3411176118386142
PEC Zwolle,34,27.053948044776917,38.12057583592832,-11.066627791151404,8.659654770046473,11.615283083170652,-2.95562831312418,8.752953790128231,11.871629733592272,-3.1186759434640408,5.199635107070208,8.272566206753254,-3.0729310996830463,2.885018788278103,2.701609119772911,0.1834096685051918,0.5750008746981621,0.6411077566444874,-0.0661068819463253,0.0932990200817585,0.2563466504216194,-0.16304763033986092,3.16,3.16,0.0,-14.185303734615445,ERE,2021-22,0.7957043542581446,1.1211934069390683,-0.32548905268092365,0.2546957285307786,0.34162597303443093,-0.08693024450365235,0.2574398173567127,0.3491655803997727,-0.09172576304306002,0.15293044432559433,0.24331077078686042,-0.09038032646126606,0.08485349377288538,0.07945909175802679,0.005394402014858583,0.016911790432298884,0.018856110489543748,-0.0019443200572448619,0.0027440888259340733,0.0075396073653417476,-0.004795518539407674,-0.41721481572398367
PSV Eindhoven,34,60.64738963358104,27.687250021845102,32.96013961173594,13.008637586608529,7.49267653003335,5.515961056575179,13.054697951301932,7.885966498404741,5.168731452897191,11.208919847384095,4.429580751806498,6.779339095577598,1.1238092929124832,2.413569912314415,-1.2897606194019318,0.6759084463119507,0.6495258659124374,0.026382580399513245,0.046060364693403244,0.3932899683713913,-0.34722960367798805,0.79,1.58,-0.79,37.338871064633125,ERE,2021-22,1.7837467539288543,0.8143308829954442,0.96941587093341,0.3826069878414273,0.22037283911862793,0.1622341487227994,0.38396170445005684,0.23194019112955122,0.15202151332050562,0.32967411315835576,0.13028178681783817,0.19939232634051757,0.03305321449742598,0.07098735036218867,-0.0379341358647627,0.019879660185645607,0.0191037019386011,0.0007759582470445072,0.0013547166086295072,0.011567352010923274,-0.010212635402293765,1.0982020901362683
RKC Waalwijk,34,28.871351931244135,44.26341778971255,-15.392065858468413,8.477299273014069,13.977285698056221,-5.499986425042152,8.477299273014069,14.820329528301954,-6.343030255287886,6.231231011450291,10.16432435438037,-3.9330933429300785,1.5536639206111431,3.326665747910738,-1.7730018272995949,0.6924043409526348,0.48629559576511383,0.20610874518752098,0.0,0.8430438302457333,-0.8430438302457333,1.58,6.32,-4.74,-26.475096113756294,ERE,2021-22,0.8491574097424746,1.3018652291091926,-0.45270781936671806,0.2493323315592373,0.41109663817812414,-0.16176430661888683,0.2493323315592373,0.43589204495005746,-0.18655971339082017,0.18327150033677325,0.29895071630530495,-0.11567921596853172,0.04569599766503362,0.09784311023266877,-0.05214711256763514,0.020364833557430434,0.014302811640150407,0.006062021917280029,0.0,0.024795406771933332,-0.024795406771933332,-0.7786792974634205
SC Heerenveen,34,31.86091542802751,34.574046943336725,-2.7131315153092146,8.739983890205622,11.765400744974613,-3.0254168547689915,10.13705750927329,11.925715677440166,-1.7886581681668758,5.664099767804146,8.922369312494993,-3.2582695446908474,2.7593227960169315,2.5186238810420036,0.2406989149749279,0.3165613263845444,0.32440755143761635,-0.007846225053071976,1.397073619067669,0.16031493246555328,1.2367586866021156,2.37,6.32,-3.95,-8.451789683476093,ERE,2021-22,0.9370857478831621,1.0168837336275507,-0.07979798574438866,0.25705834971193003,0.3460411983816063,-0.08898284866967622,0.29814875027274385,0.35075634345412254,-0.0526075931813787,0.16659116964129841,0.26242262683808804,-0.09583145719678964,0.0811565528240274,0.07407717297182363,0.007079379852203762,0.009310627246604246,0.0095413985716946,-0.00023077132509035224,0.04109040056081379,0.004715145072516273,0.036375255488297516,-0.24858204951400276
Sparta Rotterdam,34,23.526050459593534,34.85408114269376,-11.328030683100224,9.605961356312037,10.725192410871387,-1.11923105455935,10.462385818362236,11.189586298540235,-0.7272004801779985,5.7277013547718525,7.0844828095287085,-1.356781454756856,3.40291390940547,2.6774918995797634,0.7254220098257065,0.4753460921347141,0.9632177017629147,-0.48787160962820053,0.8564244620501995,0.46439388766884804,0.39203057438135147,1.58,4.74,-3.16,-15.215231163278219,ERE,2021-22,0.6919426605762804,1.02512003360864,-0.3331773730323595,0.28252827518564816,0.31544683561386433,-0.03291856042821618,0.3077172299518305,0.32910547936883044,-0.021388249416999957,0.16846180455211332,0.20836714145672672,-0.03990533690461341,0.10008570321780794,0.07874976175234598,0.021335941465461954,0.013980767415726887,0.02832993240479161,-0.014349164989064722,0.02518895476618234,0.013658643754966119,0.01153031101121622,-0.4475067989199476
Twente,34,41.06432421691716,31.424808472394943,9.639515744522214,10.038924796506763,7.008114704862237,3.0308100916445255,10.678806280717254,7.213246522471309,3.465559758245945,5.698950620368123,5.321218756958842,0.3777318634092808,3.93251471593976,1.2466752864420414,2.685839429497719,0.40745946019887924,0.4402206614613533,-0.03276120126247406,0.6398814842104912,0.20513181760907173,0.43474966660141945,4.74,0.79,3.95,17.055075502768155,ERE,2021-22,1.207774241674034,0.9242590727174983,0.2835151689565357,0.2952624940149048,0.20612102073124228,0.08914147328366251,0.3140825376681545,0.21215430948445024,0.10192822818370427,0.1676161947167095,0.15650643402820125,0.011109760688508259,0.11566219752764001,0.036666920189471805,0.0789952773381682,0.011984101770555271,0.012947666513569215,-0.000963564743013943,0.01882004365324974,0.006033288753207992,0.012786754900041749,0.5016198677284751
Vitesse,34,34.344950376078486,36.11502526514232,-1.7700748890638351,13.064443547278643,10.90482246875763,2.1596210785210133,13.064443547278643,11.206608809530735,1.8578347377479076,8.53940087929368,6.269424792379141,2.2699760869145393,3.6556388698518276,4.085451241582632,-0.42981237173080444,0.8694037981331348,0.5499464347958565,0.31945736333727837,0.0,0.3017863407731056,-0.3017863407731056,3.16,3.95,-0.79,-0.7022401513159267,ERE,2021-22,1.0101455992964261,1.0622066254453624,-0.052061026148936325,0.3842483396258424,0.3207300726105185,0.06351826701532393,0.3842483396258424,0.32960614145678635,0.054642198169056105,0.2511588493909906,0.1843948468346806,0.06676400255630999,0.10751879028975964,0.12016033063478329,-0.01264154034502366,0.0255706999450922,0.016174895141054604,0.0093958048040376,0.0,0.008876068846267812,-0.008876068846267812,-0.020654122097527254
Willem II,34,26.76223629154265,38.930245734751225,-12.168009443208575,7.804089097306132,15.379535418003798,-7.575446320697665,7.83674711920321,16.69044416770339,-8.85369704850018,4.331479849293828,11.89546849578619,-7.563988646492362,3.056197375059128,2.9222969375550747,0.13390043750405312,0.4164118729531765,0.5617699846625328,-0.1453581117093563,0.03265802189707756,1.3109087496995926,-1.278250727802515,0.0,2.37,-2.37,-23.391706491708753,ERE,2021-22,0.787124596810078,1.145007227492683,-0.3578826306826052,0.22953203227370977,0.4523392770001117,-0.22280724472640193,0.23049256232950618,0.4908954166971585,-0.26040285436765237,0.12739646615570083,0.34986672046429973,-0.22247025430859887,0.08988815808997434,0.08594990992809043,0.003938248161883915,0.012247408028034604,0.016522646607721552,-0.00427523857968695,0.0009605300557963989,0.03855613969704684,-0.037595609641250444,-0.6879913674031987
AZ Alkmaar,34,48.82852405309677,29.354353737086058,19.474170316010714,10.737210495397449,7.846291460096836,2.8909190353006124,10.953674590215087,8.045880127698183,2.907794462516904,7.645880484953523,5.068661693483591,2.5772187914699316,2.529897451400757,2.11106738448143,0.4188300669193268,0.561432559043169,0.666562382131815,-0.10512982308864594,0.2164640948176384,0.19958866760134697,0.016875427216291428,2.37,3.95,-1.58,20.80196477852762,ERE,2022-23,1.4361330603851992,0.8633633452084135,0.5727697151767857,0.3158003086881602,0.23077327823814223,0.08502703045001801,0.32216689971220847,0.23664353316759362,0.08552336654461482,0.22487883779275067,0.14907828510245857,0.07580055269029211,0.0744087485706105,0.06209021719063029,0.012318531379980199,0.016512722324799087,0.01960477594505338,-0.0030920536202542924,0.006366591024048188,0.005870254929451381,0.0004963360945968067,0.6118224934861064
Ajax,34,64.61988960765302,25.361043656244874,39.25884595140815,17.522772561758757,8.139016266912222,9.383756294846535,17.55657985061407,8.31558284536004,9.24099700525403,11.925063658505678,4.294354427605867,7.630709230899811,5.078093126416206,3.391820516437292,1.6862726099789143,0.5196157768368721,0.4528413228690624,0.06677445396780968,0.033807288855314255,0.17656657844781876,-0.1427592895925045,3.95,0.79,3.16,51.65984295666217,ERE,2022-23,1.900584988460383,0.7459130487130845,1.1546719397472984,0.51537566358114,0.23938283137977123,0.27599283220136867,0.5163699956062962,0.2445759660400012,0.271794029566295,0.3507371664266376,0.12630454198840788,0.22443262443822973,0.14935568018871195,0.099759426954038,0.04959625323467395,0.015282816965790355,0.013318862437325366,0.0019639545284649905,0.0009943320251563016,0.005193134660229963,-0.004198802635073662,1.5194071457841813
Cambuur,34,35.48797604069114,47.34093272872269,-11.852956688031554,5.607920587062836,14.950578287243843,-9.342657700181007,5.698019370436668,15.389887280762196,-9.691867910325527,3.8086742348968983,9.572441577911377,-5.763767343014479,1.3450850136578083,4.83308444917202,-3.4879994355142117,0.4541613385081291,0.5450522601604462,-0.09089092165231705,0.0900987833738327,0.4393089935183525,-0.3492102101445198,1.58,5.53,-3.95,-25.494824598357084,ERE,2022-23,1.0437640011967981,1.3923803743741967,-0.34861637317739863,0.16493884079596577,0.4397228908012895,-0.27478405000532374,0.16758880501284318,0.4526437435518293,-0.2850549385389861,0.11201983043814406,0.2815423993503346,-0.16952256891219056,0.03956132393111201,0.14214954262270646,-0.10258821869159446,0.01335768642670968,0.016030948828248417,-0.0026732624015387368,0.0026499642168774326,0.01292085275053978,-0.010270888533662348,-0.7498477823046201
Excelsior,34,28.188840927556157,55.36941529996693,-27.180574372410774,10.341056039556861,16.37557278946042,-6.03451674990356,10.65783559344709,16.872617714107037,-6.214782120659947,6.167228681966662,12.000782899558544,-5.833554217591882,3.79838153347373,3.4255053736269474,0.3728761598467827,0.37544582411646843,0.949284516274929,-0.5738386921584606,0.31677955389022827,0.497044924646616,-0.1802653707563877,1.58,0.79,0.79,-32.605356493070715,ERE,2022-23,0.8290835566928282,1.6285122147049098,-0.7994286580120816,0.30414870704579,0.48163449380765944,-0.1774857867618694,0.3134657527484438,0.49625346217961874,-0.18278770943117492,0.18138907888137243,0.35296420292819247,-0.17157512404682004,0.11171710392569795,0.1007501580478514,0.01096694587784655,0.01104252423871966,0.02792013283161556,-0.0168776085928959,0.009317045702653773,0.014618968371959293,-0.005301922669305521,-0.9589810733256092
FC Emmen,34,31.197365384548903,47.21186197735369,-16.01449659280479,7.693339109420776,12.036961294710636,-4.34362218528986,7.830257128924131,12.474695578217506,-4.644438449293375,3.5187052488327026,9.342491738498211,-5.823786489665508,3.6016469076275826,2.21695314347744,1.3846937641501427,0.5729869529604912,0.47751641273498535,0.09547054022550583,0.13691801950335503,0.43773428350687027,-0.30081626400351524,0.79,1.58,-0.79,-21.448935042098164,ERE,2022-23,0.9175695701337913,1.3885841758045203,-0.4710146056707291,0.22627467968884638,0.35402827337384224,-0.12775359368499586,0.23030168026247444,0.3669028111240443,-0.13660113086156986,0.10349133084802066,0.27477916877935915,-0.17128783793133848,0.10593079140081126,0.0652045042199247,0.04072628718088655,0.016852557440014446,0.014044600374558392,0.0028079570654560536,0.004027000573628089,0.012874537750202067,-0.008847537176573978,-0.630851030649946
FC Groningen,34,29.66743565350771,47.76281143911183,-18.09537578560412,5.410046637058258,13.912369115278125,-8.502322478219867,6.5057362131774426,14.589874600991607,-8.084138387814164,3.8538841642439365,9.543867906555533,-5.689983742311597,0.7750330418348312,3.9562270417809486,-3.1811939999461174,0.7811294309794903,0.41227416694164276,0.3688552640378475,1.0956895761191845,0.6775054857134819,0.4181840904057026,0.79,5.53,-4.74,-30.919514173418285,ERE,2022-23,0.8725716368678738,1.4047885717385833,-0.5322169348707094,0.1591190187370076,0.40918732691994486,-0.25006830818293724,0.19134518274051301,0.4291139588526943,-0.2377687761121813,0.11334953424246873,0.28070199725163336,-0.16735246300916462,0.02279508946573033,0.11635961887591026,-0.09356452941017993,0.022974395028808537,0.012125710792401257,0.01084868423640728,0.03222616400350543,0.019926631932749468,0.012299532070755959,-0.909397475688773
FC Utrecht,34,41.630344323813915,40.49320234358311,1.1371419802308083,12.52526529878378,8.648038005456328,3.8772272933274508,12.86873735114932,9.383725052699447,3.485012298449874,9.696445140987635,4.531761454418302,5.164683686569333,2.5708529502153397,3.3086808137595654,-0.7378278635442257,0.2579672075808048,0.8075957372784615,-0.5496285296976566,0.34347205236554146,0.7356870472431183,-0.39221499487757683,3.16,0.79,2.37,6.99215427868068,ERE,2022-23,1.2244218918768799,1.19097653951715,0.03344535235972965,0.36839015584658175,0.25435405898400965,0.11403609686257209,0.37849227503380356,0.2759919133146896,0.10250036171911393,0.2851895629702246,0.13328710160053828,0.15190246136968627,0.07561332206515704,0.0973141415811637,-0.021700819516006636,0.007587270811200142,0.02375281580230769,-0.016165544991107547,0.010102119187221807,0.02163785433067995,-0.011535735143458141,0.20565159643178468
FC Volendam,34,35.03626044280827,52.79115545935929,-17.754895016551018,13.10152138210833,16.929561926051974,-3.8280405439436436,13.376156667247415,17.245072646066546,-3.868915978819132,8.487538823857903,11.939612576738,-3.4520737528800964,4.305453948676586,4.15280070155859,0.15265324711799622,0.3085286095738411,0.8371486477553844,-0.5286200381815434,0.27463528513908386,0.31551072001457214,-0.04087543487548828,0.0,3.16,-3.16,-24.783810995370146,ERE,2022-23,1.0304782483178903,1.552681042922332,-0.5222027946044417,0.3853388641796568,0.4979282919427051,-0.11258942776304834,0.3934163725661004,0.5072080190019572,-0.11379164643585682,0.2496334948193501,0.35116507578641176,-0.10153158096706166,0.12663099849048784,0.12214119710466441,0.004489801385823418,0.009074370869818856,0.024622019051628953,-0.015547648181810099,0.008077508386443643,0.009279727059252122,-0.0012022186728084788,-0.7289356175108866
Feyenoord,34,55.381168795749545,24.839291913434863,30.541876882314682,14.340294731780887,6.9249657560139894,7.415328975766897,14.54709386266768,7.1022461745887995,7.44484768807888,10.095785090699792,5.267868584021926,4.827916506677866,3.02195018902421,1.355479471385479,1.666470717638731,1.2225594520568848,0.30161770060658455,0.9209417514503002,0.20679913088679314,0.17728041857481003,0.02951871231198311,2.37,0.79,1.58,39.56672457039357,ERE,2022-23,1.6288579057573396,0.7305674092186725,0.8982904965386671,0.4217733744641437,0.20367546341217616,0.21809791105196757,0.42785570184316707,0.2088895933702588,0.21896610847290823,0.2969348556088174,0.15493731129476251,0.14199754431405487,0.08888088791247677,0.0398670432760435,0.04901384463643327,0.03595763094284955,0.008871108841370134,0.027086522101479417,0.006082327379023328,0.005214129958082648,0.0008681974209406797,1.1637271932468696
Fortuna Sittard,34,26.826997937634587,50.29345036484301,-23.466452427208424,9.236431125551462,13.585000550374389,-4.3485694248229265,9.705356366932392,13.699041133746505,-3.9936847668141127,5.996731013059616,8.28588200174272,-2.2891509886831045,2.6186254024505615,4.881650976836681,-2.26302557438612,0.6210747100412846,0.4174675717949867,0.20360713824629784,0.46892524138092995,0.11404058337211609,0.35488465800881386,5.53,2.37,3.16,-24.30013719402254,ERE,2022-23,0.7890293511068996,1.4792191283777356,-0.690189777270836,0.27165973898680773,0.39955883971689377,-0.12789910073008606,0.2854516578509527,0.402912974521956,-0.11746131667100332,0.17637444156057694,0.24370241181596236,-0.06732797025538542,0.0770183941897224,0.14357796990696123,-0.06655957571723882,0.01826690323650837,0.012278457993970197,0.005988445242538172,0.013791918864144999,0.0033541348050622377,0.01043778405908276,-0.7147099174712511
Go Ahead Eagles,34,36.89736540988088,44.246866535395384,-7.349501125514507,12.701581187546253,10.590905109420419,2.1106760781258345,13.543501656502485,11.114674152806401,2.428827503696084,10.16617151722312,7.255742525681853,2.9104289915412664,2.138053048402071,2.5257156305015087,-0.3876625820994377,0.39735662192106247,0.8094469532370567,-0.41209033131599426,0.8419204689562321,0.5237690433859825,0.31815142557024956,3.16,1.58,1.58,-3.340673621818425,ERE,2022-23,1.0852166297023786,1.301378427511629,-0.2161617978092502,0.37357591728077216,0.3114972091006005,0.0620787081801716,0.398338284014779,0.32690218096489415,0.07143610304988482,0.2990050446242094,0.21340419193181923,0.08560085269239019,0.06288391318829621,0.07428575383827966,-0.011401840649983463,0.011686959468266544,0.02380726333050167,-0.012120303862235126,0.024762366734006825,0.015404971864293604,0.009357394869713223,-0.09825510652407132
NEC Nijmegen,34,30.15508539788425,38.553963428363204,-8.398878030478954,14.42119737342,11.660170011222363,2.7610273621976376,16.165604155510664,12.19049471244216,3.9751094430685043,8.018942907452583,6.305842384696007,1.7131005227565765,5.263022754341364,4.783155716955662,0.47986703738570213,1.1392317116260529,0.571171909570694,0.5680598020553589,1.744406782090664,0.5303247012197971,1.2140820808708668,3.95,3.16,0.79,-3.6337685874104437,ERE,2022-23,0.8869142764083603,1.1339401008342118,-0.2470258244258516,0.42415286392411766,0.3429461768006577,0.08120668712345992,0.47545894575031367,0.35854396213065176,0.11691498361966189,0.2358512619838995,0.18546595249105902,0.05038530949284049,0.15479478689239307,0.14068105049869595,0.014113736393697122,0.033506815047825086,0.016799173810902762,0.01670764123692232,0.051306081826196,0.015597785329994033,0.03570829649620196,-0.10687554668854246
PSV Eindhoven,34,62.47562514618039,25.94167303480208,36.53395211137831,17.762994756922126,6.706447158008814,11.056547598913312,17.762994756922126,7.086945880204439,10.676048876717687,13.043148843571544,5.047337893396616,7.995810950174928,4.338691655546427,0.9633855223655701,3.3753061331808567,0.38115425780415535,0.6957237422466278,-0.31456948444247246,0.0,0.3804987221956253,-0.3804987221956253,5.53,1.58,3.95,51.160000988096,ERE,2022-23,1.8375183866523646,0.7629903833765317,1.0745280032758326,0.5224410222624155,0.19724844582378864,0.3251925764386268,0.5224410222624155,0.20843958471189528,0.3140014375505202,0.3836220248109278,0.14845111451166518,0.23517091029926257,0.12760857810430667,0.02833486830486971,0.09927370979943696,0.01121041934718104,0.02046246300725376,-0.00925204366007272,0.0,0.011191138888106626,-0.011191138888106626,1.5047059114145882
RKC Waalwijk,34,37.01194525510073,46.72521638311446,-9.71327112801373,7.662464998662472,13.428386762738228,-5.765921764075756,7.662464998662472,15.669091612100601,-8.00662661343813,4.633049134165049,8.586022850126028,-3.9529737159609795,2.545981001108885,4.02241450548172,-1.4764335043728352,0.48343486338853836,0.8199494071304798,-0.33651454374194145,0.0,2.2407048493623734,-2.2407048493623734,3.16,6.32,-3.16,-20.879897741451856,ERE,2022-23,1.0885866251500214,1.3742710700916017,-0.2856844449415803,0.22536661760771975,0.394952551845242,-0.16958593423752225,0.22536661760771975,0.4608556356500177,-0.23548901804229794,0.13626615100485437,0.25253008382723613,-0.11626393282238175,0.07488179415026132,0.11830630898475647,-0.04342451483449515,0.014218672452604069,0.024116159033249405,-0.009897486580645336,0.0,0.06590308380477569,-0.06590308380477569,-0.6141146394544663
SC Heerenveen,34,36.91081588715315,39.122722858563066,-2.211906971409917,8.009822081774473,12.205741753801703,-4.19591967202723,9.297754742205143,13.211219259127974,-3.913464516922831,5.457851283252239,9.613001739606261,-4.155150456354022,1.6395506337285042,2.211816005408764,-0.5722653716802597,0.9124201647937298,0.3809240087866783,0.5314961560070515,1.2879326604306698,1.005477505326271,0.2824551551043988,2.37,3.95,-1.58,-7.7053714883327515,ERE,2022-23,1.0856122319750927,1.150668319369502,-0.06505608739440932,0.23558300240513155,0.3589924045235795,-0.12340940211844795,0.2734633747707395,0.3885652723272934,-0.11510189755655385,0.16052503774271293,0.2827353452825371,-0.12221030753982418,0.04822207746260306,0.06505341192378718,-0.016831334461184108,0.026835887199815583,0.011203647317255245,0.015632239882560336,0.037880372365607935,0.02957286780371385,0.008307504561894082,-0.2266285731862574
Sparta Rotterdam,34,32.875564681366086,40.69244339130819,-7.816878709942102,8.80946547538042,9.44051443040371,-0.6310489550232887,9.745728574693203,9.819612499326468,-0.07388392463326454,5.332820538431406,6.521360639482737,-1.1885401010513306,2.9006639309227467,1.9654520116746426,0.9352119192481041,0.575981006026268,0.9537017792463303,-0.37772077322006226,0.9362630993127823,0.3790980689227581,0.5571650303900242,3.95,2.37,1.58,-6.310762634575369,ERE,2022-23,0.9669283729813555,1.1968365703325938,-0.2299081973512383,0.25910192574648294,0.27766218912952084,-0.018560263383037904,0.2866390757262707,0.2888121323331314,-0.002173056606860722,0.15684766289504135,0.19180472469066873,-0.03495706179562737,0.0853136450271396,0.05780741210807772,0.027506232919061884,0.016940617824302,0.02805005233077442,-0.01110943450647242,0.027537149979787713,0.011149943203610532,0.016387206776177183,-0.18561066572280496
Twente,34,53.079461665824056,27.57685850188136,25.502603163942695,11.536028767004609,10.031599130481482,1.5044296365231276,12.642230408266187,10.647816251963377,1.9944141563028097,6.376039976254106,6.23761672526598,0.1384232509881258,4.428820945322514,3.2633682005107403,1.1654527448117733,0.73116784542799,0.5306142047047615,0.20055364072322845,1.1062016412615776,0.6162171214818954,0.48998451977968216,2.37,1.58,0.79,28.28701732024551,ERE,2022-23,1.5611606372301192,0.8110840735847459,0.7500765636453733,0.33929496373542967,0.29504703324945536,0.04424793048597434,0.3718303061254761,0.313171066234217,0.05865923989125911,0.18753058753688545,0.1834593154489994,0.004071272087886053,0.1302594395683092,0.0959814176620806,0.034278021906228626,0.021504936630235,0.015606300138375339,0.00589863649185966,0.0325353423900464,0.01812403298476163,0.01441130940528477,0.8319710976542797
Vitesse,34,32.94444094598293,35.5378445032984,-2.593403557315469,13.107403505593538,7.114696307107806,5.992707198485732,14.217878504246473,7.879127269610763,6.33875123463571,9.113468635827303,3.9227797593921423,5.190688876435161,2.985440332442522,2.5166664011776447,0.4687739312648773,1.0084945373237133,0.6752501465380192,0.3332443907856941,1.110474998652935,0.7644309625029564,0.3460440361499786,0.79,1.58,-0.79,2.9553476773202476,ERE,2022-23,0.9689541454700863,1.0452307206852471,-0.07627657521516085,0.38551186781157465,0.20925577373846488,0.17625609407310977,0.4181728971837198,0.231739037341493,0.18643385984222677,0.26804319517139125,0.11537587527623948,0.15266731989515178,0.08780706860125065,0.0740196000346366,0.01378746856661404,0.029661604038932744,0.0198602984275888,0.009801305611343944,0.03266102937214515,0.02248326360302813,0.010177765769117017,0.08692199050941905
AZ Alkmaar,34,47.321052031591535,34.06216064840555,13.258891383185983,14.205569732934237,8.288262445479631,5.917307287454605,14.43445659428835,8.632770948112011,5.801685646176338,11.7075539752841,4.875749975442886,6.831803999841213,1.9058217108249664,2.984160054475069,-1.0783383436501026,0.5921940468251705,0.428352415561676,0.1638416312634945,0.22888686135411263,0.34450850263237953,-0.1156216412782669,1.58,3.16,-1.58,17.480577029362323,ERE,2023-24,1.3917956479879863,1.001828254364869,0.38996739362311716,0.41781087449806575,0.24377242486704798,0.1740384496310178,0.42454284100848083,0.2539050278856474,0.17063781312283346,0.3443398228024735,0.14340441104243784,0.20093541176003568,0.056053579730146075,0.0877694133669138,-0.03171583363676772,0.017417471965446192,0.012598600457696355,0.004818871507749838,0.006731966510415077,0.010132603018599399,-0.003400636508184321,0.5141346185106566
Ajax,34,56.70555315725505,44.481145448982716,12.224407708272338,10.244923640042543,10.899892492219806,-0.6549688521772623,10.82449858263135,11.038909764960408,-0.21441118232905865,8.20250428467989,7.244689656421542,0.9578146282583475,1.5912304185330868,3.291045881807804,-1.6998154632747173,0.45118893682956696,0.36415695399045944,0.08703198283910751,0.5795749425888062,0.1390172727406025,0.44055766984820366,4.74,2.37,2.37,14.379996525943277,ERE,2023-24,1.6678103869780898,1.3082689837936092,0.3595414031844805,0.30132128353066306,0.3205850733005825,-0.01926378976991948,0.31836760537151026,0.3246738166164826,-0.006306211244972313,0.24125012601999676,0.21307910754181006,0.02817101847818669,0.046800894662737846,0.09679546711199424,-0.04999457244925639,0.01327026284792844,0.010710498646778218,0.002559764201150221,0.01704632184084724,0.004088743315900073,0.012957578524947166,0.4229410742924493
Almere City FC,34,28.664630636572838,45.28368575312197,-16.619055116549134,9.123806398361921,13.687694197520614,-4.563887799158692,9.86756843701005,14.700933450832963,-4.833365013822913,5.17871206253767,9.762384520843625,-4.583672458305955,3.5251921229064465,3.2596225403249264,0.2655695825815201,0.4199022129178047,0.6656871363520622,-0.2457849234342575,0.7437620386481285,1.0132392533123493,-0.2694772146642208,2.37,3.16,-0.79,-22.242420130372047,ERE,2023-24,0.843077371663907,1.3318731103859403,-0.48879573872203336,0.2683472470106447,0.4025792411035475,-0.1342319940929027,0.2902226010885309,0.4323803956127342,-0.14215779452420332,0.15231506066287265,0.2871289564954007,-0.1348138958325281,0.10368212126195431,0.09587125118602724,0.007810870075927061,0.012350065085817786,0.019579033422119477,-0.007228968336301691,0.02187535407788613,0.029801154509186745,-0.007925800431300612,-0.6541888273638837
Excelsior,33,39.70390581153333,47.038626696914434,-7.334720885381103,11.734312407672405,17.986146088689566,-6.25183368101716,11.734312407672405,18.601414401084185,-6.867101993411779,9.19307866320014,13.528483171015978,-4.335404507815838,2.218634109944105,3.7954169660806656,-1.5767828561365604,0.3225996345281601,0.6622459515929222,-0.3396463170647621,0.0,0.615268312394619,-0.615268312394619,0.79,1.58,-0.79,-14.991822878792881,ERE,2023-24,1.2031486609555555,1.4254129302095284,-0.2222642692539728,0.35558522447492136,0.5450347299602899,-0.18944950548536849,0.35558522447492136,0.5636792242752783,-0.20809399980035695,0.27857814130909514,0.40995403548533266,-0.13137589417623752,0.06723133666497288,0.11501263533577774,-0.04778129867080486,0.009775746500853336,0.020068059139179462,-0.010292312638326124,0.0,0.018644494314988453,-0.018644494314988453,-0.45429766299372365
FC Utrecht,34,38.3671226836741,37.789941638708115,0.5771810449659824,13.77348600141704,9.166265653446317,4.607220347970724,14.362985471263528,9.657603343948722,4.705382127314806,10.403504366055131,6.900493448600173,3.503010917454958,3.015575844794512,1.7908443473279476,1.2247314974665642,0.35440579056739807,0.4749278575181961,-0.12052206695079803,0.589499469846487,0.49133769050240517,0.09816177934408188,0.79,4.74,-3.95,1.3325631722807856,ERE,2023-24,1.128444784813944,1.1114688717267092,0.016975913087234777,0.4051025294534424,0.269596048630774,0.13550648082266836,0.42244074915480967,0.28404715717496243,0.13839359197984724,0.3059854225310333,0.20295568966471098,0.10302973286632229,0.08869340719983858,0.05267189256846905,0.03602151463136954,0.010423699722570531,0.013968466397594003,-0.0035447666750234716,0.017338219701367265,0.014451108544188388,0.002887111157178879,0.03919303447884664
FC Volendam,34,27.76193313114345,65.67564797401428,-37.91371484287083,10.168448569253087,18.68987623602152,-8.521427666768432,12.513365058228374,19.452672705054283,-6.93930764682591,8.236959895119071,12.541328057646751,-4.30436816252768,1.628925684839487,5.226025093346834,-3.597099408507347,0.30256298929452896,0.9225230850279331,-0.6199600957334042,2.3449164889752865,0.7627964690327644,1.582120019942522,0.79,0.79,0.0,-44.853022489696734,ERE,2023-24,0.816527445033631,1.9316367051180672,-1.1151092600844361,0.29907201674273787,0.549702242235927,-0.25063022549318914,0.36804014877142277,0.5721374325015965,-0.2040972837301738,0.2422635263270315,0.3688625899307868,-0.1265990636037553,0.04790957896586727,0.15370662039255395,-0.10579704142668668,0.008898911449839087,0.02713303191258627,-0.01823412046274718,0.0689681320286849,0.022435190265669543,0.046532941763015354,-1.3192065438146099
Feyenoord,34,72.6083345990628,19.479637136682868,53.12869746237993,23.494334338232875,6.369646457955241,17.124687880277634,23.726939180865884,6.696221085265279,17.030718095600605,16.3040392678231,4.3556043189018965,11.948434948921204,6.100812084972858,1.6504327803850174,4.450379304587841,1.0894829854369164,0.36360935866832733,0.725873626768589,0.23260484263300896,0.3265746273100376,-0.09396978467702866,5.53,0.79,4.74,74.89941555798055,ERE,2023-24,2.135539252913612,0.5729305040200844,1.5626087488935274,0.6910098334774375,0.1873425428810365,0.503667290596401,0.6978511523784083,0.19694767897839055,0.5009034734000178,0.4795305667006794,0.12810600937946753,0.35142455732121186,0.17943564955802524,0.04854214059955934,0.1308935089584659,0.032043617218732834,0.010694392902009627,0.021349224316723207,0.006841318900970852,0.009605136097354047,-0.0027638171963831957,2.2029239869994277
Fortuna Sittard,34,32.06110277213156,35.966765938326716,-3.905663166195154,12.275325331836939,10.422392616048455,1.8529327157884836,15.222186785191298,10.761775279417634,4.4604115057736635,7.639188840985298,7.947115803137422,-0.30792696215212345,3.987552873790264,2.085856433957815,1.901696439832449,0.6485836170613766,0.38942037895321846,0.2591632381081581,2.9468614533543587,0.33938266336917877,2.60747878998518,5.53,1.58,3.95,4.504748339578512,ERE,2023-24,0.942973610945046,1.0578460570096093,-0.11487244606456336,0.36103898034814524,0.3065409592955428,0.05449802105260246,0.4477113760350382,0.31652280233581276,0.1311885736992254,0.2246820247348617,0.2337387000922771,-0.009056675357415396,0.11728096687618424,0.06134871864581809,0.05593224823036615,0.01907598873709931,0.011453540557447602,0.007622448179651709,0.0866723956868929,0.009981843040269963,0.07669055264662294,0.1324925982228974
Go Ahead Eagles,34,40.461566315963864,45.99993166513741,-5.538365349173546,11.76077271066606,13.863739117980003,-2.102966407313943,12.68700990639627,14.212796054780483,-1.5257861483842134,7.16634695418179,10.805634621530771,-3.639287667348981,3.7643473967909813,2.5988073758780956,1.1655400209128857,0.8300783596932888,0.4592971205711365,0.37078123912215233,0.9262371957302094,0.3490569368004799,0.5771802589297295,3.95,1.58,2.37,-4.694151497557755,ERE,2023-24,1.1900460681165843,1.3529391666216886,-0.16289309850510428,0.34590507972547235,0.4077570328817648,-0.06185195315629244,0.37314735018812556,0.41802341337589655,-0.04487606318777099,0.2107749104171115,0.31781278298619914,-0.10703787256908767,0.1107160999056171,0.0764355110552381,0.03428058885037899,0.02441406940274379,0.013508738840327543,0.010905330562416245,0.027242270462653217,0.010266380494131762,0.016975889968521455,-0.13806327933993395
Heracles,34,31.179953264072537,54.3694624081254,-23.189509144052863,10.8258296251297,19.195900924503803,-8.370071299374104,10.8258296251297,20.128877229988575,-9.303047604858875,6.407016195356846,14.411953326314688,-8.004937130957842,4.126283060759306,4.098222091794014,0.028060968965291977,0.2925303690135479,0.6857255063951015,-0.39319513738155365,0.0,0.9329763054847717,-0.9329763054847717,4.74,3.95,0.79,-31.702556748911732,ERE,2023-24,0.9170574489433099,1.5991018355331,-0.68204438658979,0.31840675368028526,0.5645853213089354,-0.2461785676286501,0.31840675368028526,0.592025800882017,-0.27361904720173164,0.1884416528046131,0.4238809801857261,-0.235439327381113,0.12136126649292077,0.12053594387629453,0.0008253226166262346,0.008603834382751408,0.02016839724691475,-0.011564562864163342,0.0,0.02744047957308152,-0.02744047957308152,-0.9324281396738745
NEC Nijmegen,34,41.58149754628539,45.40421489067376,-3.8227173443883657,9.636726753786206,15.180096842348576,-5.543370088562369,10.266640713438392,16.02052056416869,-5.7538798507303,6.417461337521672,11.60845421999693,-5.190992882475257,2.382378961890936,3.1841713041067123,-0.8017923422157764,0.8368864543735981,0.3874713182449341,0.449415136128664,0.6299139596521854,0.840423721820116,-0.2105097621679306,4.74,4.74,0.0,-9.57659719511868,ERE,2023-24,1.2229852219495703,1.3354180850198163,-0.11243286307024605,0.2834331398172414,0.446473436539664,-0.16304029672242262,0.3019600209834821,0.4711917812990792,-0.16923176031559706,0.1887488628682845,0.34142512411755677,-0.15267626124927225,0.07006996946738046,0.09365209717960919,-0.02358212771222872,0.024614307481576416,0.011396215242498061,0.013218092239078353,0.01852688116624075,0.024718344759415176,-0.006191463593174429,-0.2816646233858435
PEC Zwolle,34,35.35546534135938,48.85724198631942,-13.501776644960046,11.426630590111017,15.582678601145744,-4.156048011034727,11.829643193632364,16.126383513212204,-4.29674031957984,8.131436754018068,11.270472407341003,-3.139035653322935,2.768661927431822,3.2432773523032665,-0.4746154248714447,0.5265319086611271,1.0689288415014744,-0.5423969328403473,0.40301260352134705,0.5437049120664597,-0.1406923085451126,1.58,7.9,-6.32,-24.118516964539893,ERE,2023-24,1.0398666276870405,1.436977705479983,-0.3971110777929425,0.3360773702973829,0.45831407650428657,-0.12223670620690374,0.34793068216565776,0.4743053974474178,-0.12637471528176,0.23915990452994318,0.33148448256885304,-0.09232457803890985,0.08143123315975946,0.09539051036186078,-0.013959277202101314,0.015486232607680209,0.03143908357357278,-0.01595285096589257,0.011853311868274914,0.015991320943131167,-0.004138009074856253,-0.7093681460158792
PSV Eindhoven,33,83.19674181938171,22.096541376784444,61.10020044259727,20.718680357560515,5.177646946161985,15.54103341139853,20.718680357560515,5.466285787522793,15.252394570037723,15.777480630204082,2.9606613405048847,12.816819289699197,4.6110152415931225,2.000094536691904,2.6109207049012184,0.3301844857633114,0.2168910689651966,0.11329341679811478,0.0,0.2886388413608074,-0.2886388413608074,7.11,2.37,4.74,81.09259501263497,ERE,2023-24,2.5211133884661123,0.669592162932862,1.8515212255332507,0.627838798713955,0.15689839230793895,0.4709404064060161,0.627838798713955,0.16564502386432706,0.462193774849628,0.4781054736425479,0.08971701031832983,0.38838846332421806,0.13972773459373097,0.060608925354300125,0.07911880923943086,0.010005590477676102,0.0065724566353089885,0.0034331338423671145,0.0,0.008746631556388103,-0.008746631556388103,2.4573513640192415
RKC Waalwijk,34,33.76312777027488,49.98683802597225,-16.22371025569737,9.53052282333374,14.145770661532879,-4.615247838199139,9.583836760371923,15.31408766657114,-5.730250906199217,5.495280649513006,10.493506111204624,-4.998225461691618,3.4364789724349976,2.8025724813342094,0.6339064911007881,0.5987632013857365,0.8496920689940453,-0.2509288676083088,0.05331393703818321,1.1683170050382614,-1.1150030680000782,3.95,5.53,-1.58,-23.533961161896592,ERE,2023-24,0.9930331697139669,1.4702011184109485,-0.4771679486969815,0.2803094948039335,0.41605207828037877,-0.13574258347644524,0.28187755177564483,0.4504143431344453,-0.1685367913588005,0.16162590145626488,0.30863253268248897,-0.14700663122622407,0.10107291095397052,0.08242860239218264,0.018644308561787885,0.017610682393698132,0.024990943205707213,-0.007380260812009082,0.0015680569717112709,0.034362264854066515,-0.03279420788235524,-0.6921753282910762
SC Heerenveen,34,41.36168482154608,46.458490539342165,-5.096805717796087,9.374404536560178,10.77362739853561,-1.3992228619754314,9.374404536560178,11.324752224609256,-1.950347688049078,7.506338706240058,7.761569859459996,-0.2552311532199383,1.3451930433511734,2.390802811831236,-1.0456097684800625,0.5228727869689465,0.6212547272443771,-0.09838194027543068,0.0,0.5511248260736465,-0.5511248260736465,6.32,3.16,3.16,-3.8871534058451687,ERE,2023-24,1.2165201418101788,1.3664261923335932,-0.14990605052341432,0.2757177804870641,0.31687139407457676,-0.04115361358751269,0.2757177804870641,0.33308094778262515,-0.05736316729556112,0.22077466783058994,0.22828146645470576,-0.007506798624115831,0.03956450127503451,0.07031772975974224,-0.03075322848470772,0.015378611381439602,0.01827219786012874,-0.0028935864786891374,0.0,0.016209553708048427,-0.016209553708048427,-0.11432804134838731
Sparta Rotterdam,34,37.92892730422318,46.82700907625258,-8.8980817720294,11.67571435123682,11.195054797455668,0.48065955378115177,11.78364709019661,11.467100774869323,0.3165463153272867,8.906200710684061,7.671948848292232,1.2342518623918295,2.3353750854730606,3.0563510693609715,-0.7209759838879108,0.43413855507969856,0.46675487980246544,-0.032616324722766876,0.10793273895978928,0.2720459774136543,-0.16411323845386505,3.95,3.95,0.0,-8.581535456702113,ERE,2023-24,1.1155566854183288,1.3772649728309583,-0.2617082874126294,0.3434033632716712,0.3292663175722255,0.014137045699445641,0.34657785559401794,0.33726766984909773,0.009310185744920197,0.2619470797260018,0.22564555436153622,0.03630152536446557,0.06868750251391355,0.0898926785106168,-0.02120517599670326,0.012768781031755841,0.013728084700072514,-0.0009593036683166728,0.0031744923223467436,0.008001352276872186,-0.004826859954525442,-0.2523981016677092
Twente,34,48.83061408996582,30.951846635490654,17.878767454475167,14.511936407536268,9.955231975764036,4.556704431772232,14.511936407536268,10.07053667679429,4.441399730741978,11.2569175735116,5.43095862865448,5.8259589448571205,2.4273566827178,4.264227967709303,-1.8368712849915028,0.8276621513068676,0.2600453794002533,0.5676167719066143,0.0,0.11530470103025436,-0.11530470103025436,2.37,4.74,-2.37,19.950167185217147,ERE,2023-24,1.4361945320578182,0.9103484304556074,0.5258461016022108,0.4268216590451844,0.29280094046364813,0.13402071858153625,0.4268216590451844,0.29619225519983206,0.1306294038453523,0.33108581098563533,0.15973407731336706,0.17135173367226825,0.07139284360934706,0.12541846963850892,-0.05402562602916185,0.024343004450201988,0.007648393511772156,0.016694610938429832,0.0,0.0033913147361839518,-0.0033913147361839518,0.586769623094622
Vitesse,34,33.63501025602221,49.759035512804985,-16.124025256782772,10.479835633188486,14.381336756050587,-3.9015011228621006,10.752369545400143,15.346669182181358,-4.594299636781216,6.963107161223888,11.32211971282959,-4.3590125516057014,3.112166803330183,2.5610709376633167,0.5510958656668663,0.4045616686344147,0.49814610555768013,-0.09358443692326546,0.27253391221165657,0.9653324261307716,-0.6927985139191151,0.79,5.53,-4.74,-25.45832489356399,ERE,2023-24,0.9892650075300651,1.4635010444942642,-0.4742360369641992,0.30823045979966135,0.42298049282501726,-0.1147500330253559,0.3162461631000042,0.4513726230053341,-0.13512645990532987,0.20479726944776142,0.33300352096557617,-0.12820625151781476,0.09153431774500538,0.07532561581362696,0.01620870193137842,0.01189887260689455,0.01465135604581412,-0.002752483438919572,0.00801570330034284,0.02839213018031681,-0.02037642687997397,-0.7487742615754115
AZ Alkmaar,34,46.6881322208792,29.24722691066563,17.440905310213566,11.41381134092808,7.502373773604633,3.9114375673234463,11.71482601761818,8.032211724668743,3.6826142929494363,8.242250774055721,5.225418776273729,3.016831997781992,2.5285700038075443,1.6455546841025352,0.883015319705009,0.6429905630648136,0.6314003132283688,0.011590249836444855,0.30101467669010157,0.5298379510641102,-0.22882327437400868,1.58,2.37,-0.79,20.333519603163005,ERE,2024-25,1.3731803594376235,0.860212556196048,0.5129678032415754,0.3357003335567082,0.22065805216484216,0.11504228139186606,0.3445537064005347,0.23624152131378656,0.10831218508674813,0.24241914041340357,0.15368878753746262,0.08873035287594094,0.07436970599433954,0.04839866717948633,0.025971038814853208,0.018911487148965105,0.0185705974478932,0.0003408897010719075,0.008853372843826517,0.015583469148944418,-0.006730096305117902,0.5980446942106766
Ajax,34,49.633052309975035,26.86446156166494,22.768590748310096,12.061949316412214,9.529517514631152,2.532431801781062,12.647978082299234,9.936559507623315,2.7114185746759194,8.659133367240432,4.858674755319955,3.8004586119204777,2.4721677303314213,4.095890793949365,-1.6237230636179434,0.9306482188403606,0.5749519653618337,0.35569625347852696,0.5860287658870216,0.40704199299216304,0.17898677289485854,7.11,0.0,7.11,32.590009322986006,ERE,2024-25,1.4597956561757364,0.7901312224019099,0.6696644337738263,0.35476321518859455,0.28027992690091624,0.07448328828767829,0.37199935536174217,0.2922517502242151,0.07974760513752704,0.2546803931541304,0.14290219868588103,0.11177819446824934,0.07271081559798298,0.12046737629262838,-0.04775656069464539,0.027372006436481196,0.016910351922406874,0.010461654514074322,0.017236140173147695,0.011971823323298913,0.0052643168498487805,0.9585296859701766
Almere City FC,34,28.67467610538006,46.129743127152324,-17.455067021772265,9.923743724823,8.87955228239298,1.0441914424300194,11.989379804581406,10.322078354656696,1.6673014499247092,7.816526576876643,6.632349845021964,1.184176731854679,1.2847780510783202,1.8709066249430188,-0.5861285738646986,0.822439096868038,0.3762958124279977,0.44614328444004026,2.0656360797584057,1.4425260722637165,0.6231100074946891,0.0,0.0,0.0,-15.787765571847558,ERE,2024-25,0.8433728266288253,1.3567571507985978,-0.5133843241697725,0.2918748154359706,0.261163302423323,0.03071151301264763,0.35262881778180605,0.303590539842844,0.04903827793896204,0.22989784049637185,0.1950691130888813,0.03482872740749056,0.03778758973759765,0.055026665439500556,-0.0172390757019029,0.024189385202001118,0.011067523894941108,0.013121861307060008,0.06075400234583546,0.04242723741952108,0.018326764926314385,-0.46434604623081055
FC Groningen,34,27.471449110656977,38.76521508209407,-11.293765971437097,8.700648235157134,10.363892491906881,-1.6632442567497474,11.429373728111388,11.02707574144006,0.40229798667132854,5.401381747797133,6.069152019917967,-0.6677702721208334,2.815214447677136,3.7333998233079906,-0.9181853756308547,0.48405203968286525,0.5613406486809254,-0.07728860899806012,2.7287254929542533,0.663183249533176,2.0655422434210773,4.74,4.74,0.0,-10.891467984765761,ERE,2024-25,0.807983797372264,1.1401533847674727,-0.33216958739520874,0.2559014186810922,0.3048203674090259,-0.048918948727933745,0.33615805082680555,0.3243257571011782,0.01183229372562731,0.15886416905285686,0.17850447117405785,-0.01964030212120098,0.08280042493168047,0.10980587715611737,-0.027005452224436902,0.014236824696554861,0.016510019078850746,-0.0022731943822958856,0.08025663214571332,0.019505389692152236,0.060751242453561095,-0.3203372936695812
FC Utrecht,34,37.72059505432844,34.31364361010492,3.406951444223523,15.686857776716352,12.539746547117833,3.1471112295985186,17.380523366853595,13.250213110819463,4.130310256034132,6.724505664780736,9.366680977866057,-2.642175313085321,8.354860119521618,2.62362738698721,5.731232732534408,0.6074919924139975,0.5494381822645664,0.05805381014943112,1.6936655901372433,0.7104665637016299,0.9831990264356134,1.58,3.16,-1.58,5.9572617002576465,ERE,2024-25,1.1094292663037777,1.0092248120619094,0.10020445424186833,0.4613781699034221,0.3688160749152304,0.09256209498819172,0.5111918637309881,0.3897121503182195,0.1214797134127686,0.19777957837590399,0.2754906169960605,-0.0777110386201565,0.24573117998592994,0.07716551138197678,0.16856566860395317,0.017867411541588163,0.01615994653719313,0.001707465004395033,0.04981369382756598,0.020896075402989114,0.028917618424576866,0.17521357941934254
Feyenoord,34,48.68142356723547,28.843579763546582,19.837843803688887,16.542151570320136,7.79913141950965,8.743020150810487,17.065990958362825,8.358164332807064,8.70782662555576,11.382272560149433,5.8635697960853586,5.5187027640640745,4.4730828180909175,1.5795809738337994,2.893501844257118,0.6867961920797827,0.3559806495904923,0.3308155424892904,0.5238393880426887,0.5590329132974144,-0.035193525254725744,4.74,2.37,2.37,30.91567042924465,ERE,2024-25,1.4318065755069256,0.8483405812807818,0.5834659942261438,0.4865338697152981,0.22938621822087207,0.2571476514944261,0.501940910540083,0.24582836272961953,0.25611254781046355,0.33477272235733624,0.17245793517898114,0.16231478717835512,0.13156125935561522,0.04645826393628821,0.085102995419327,0.02019988800234655,0.010470019105602715,0.009729868896743835,0.015407040824784961,0.016442144508747484,-0.001035103683962522,0.9092844243895485
Fortuna Sittard,34,26.58782916329801,39.10927074216306,-12.521441578865051,13.447071930393578,14.111228175461292,-0.6641562450677139,15.467344427481295,14.484602894634008,0.982741532847287,9.849119948223233,10.454656962305307,-0.6055370140820742,3.1126008816063404,3.299522329121828,-0.18692144751548767,0.485351100564003,0.3570488840341567,0.1283022165298463,2.020272497087717,0.3733747191727165,1.6468977779150005,4.74,3.16,1.58,-9.958700046017753,ERE,2024-25,0.781994975391118,1.150272668887149,-0.3682776934960309,0.39550211559981113,0.4150361228076851,-0.019534007207873936,0.45492189492592044,0.4260177321951179,0.02890416273080256,0.2896799984771539,0.3074899106560385,-0.017809912178884533,0.09154708475312766,0.09704477438593612,-0.005497689632808461,0.014275032369529499,0.01050143776571049,0.003773594603819009,0.059419779326109326,0.010981609387432837,0.04843816993867649,-0.29290294252993393
Go Ahead Eagles,34,46.82177063450217,39.99583853967488,6.825932094827294,13.275158831849694,9.857771191746,3.4173876401036942,13.822124989703298,11.298814970999958,2.5233100187033397,9.174277706071734,8.293558668345215,0.8807190377265197,3.600535292178392,1.0847913622856142,2.5157439298927775,0.5003458335995673,0.4794211611151696,0.02092467248439772,0.5469661578536035,1.4410437792539592,-0.8940776214003557,1.58,3.16,-1.58,7.769242113530623,ERE,2024-25,1.3771109010147697,1.1763481923433787,0.200762708671391,0.39044584799557924,0.28993444681605884,0.10051140117952041,0.4065330879324499,0.3323180873823517,0.07421500055009822,0.26983169723740397,0.24392819612780042,0.02590350110960352,0.10589809682877624,0.031905628302518065,0.07399246852625817,0.014716053929399038,0.014100622385740282,0.0006154315436587565,0.016087239936870692,0.042383640566292916,-0.026296400629422227,0.2285071209861948
Heracles,34,31.483360840007663,47.22317641414702,-15.739815574139357,9.443756723776461,12.498910002410412,-3.0551532786339504,11.819595189765097,13.355268213897945,-1.5356730241328478,6.455739716067911,7.491268146783115,-1.0355284307152042,2.4522068202495584,4.360615283250808,-1.9084084630012494,0.535810187458992,0.6470265723764895,-0.11121638491749752,2.3758384659886356,0.8563582114875317,1.519480254501104,3.95,4.74,-0.79,-18.065488598272196,ERE,2024-25,0.9259812011766959,1.3889169533572652,-0.4629357521805693,0.2777575506993077,0.3676150000708945,-0.08985744937158678,0.34763515264014994,0.39280200629111606,-0.045166853650966114,0.18987469753140915,0.22033141608185633,-0.03045671855044718,0.07212373000733996,0.12825339068384728,-0.056129660676507334,0.015759123160558587,0.01903019330519087,-0.00327107014463228,0.06987760194084222,0.02518700622022152,0.0446905957206207,-0.5313378999491822
NAC Breda,34,28.09208970144391,44.76099571585655,-16.66890601441264,13.40629121102393,10.384472677484155,3.0218185335397756,17.070097682997588,12.62528426386416,4.444813419133428,8.248499305918816,7.068453328683974,1.1800459772348422,4.765894275158644,2.8088906928896895,1.9570035822689542,0.39189762994647026,0.5071286559104918,-0.11523102596402157,3.6638064719736576,2.2408115863800053,1.4229948855936523,2.37,5.53,-3.16,-15.384092595279213,ERE,2024-25,0.8262379323954091,1.316499873995781,-0.4902619416003718,0.39430268267717444,0.3054256669848281,0.08887701569234634,0.5020616965587525,0.37133189011365175,0.13072980644510082,0.24260292076231812,0.20789568613776394,0.03470723462455418,0.14017336103407776,0.08261443214381439,0.05755892889026336,0.011526400880778538,0.01491554870324976,-0.0033891478224712225,0.10775901388157816,0.06590622312882369,0.04185279075275448,-0.45247331162585924
NEC Nijmegen,34,34.7223421111703,34.28527428768575,0.4370678234845471,14.298210753127933,15.16971716843546,-0.8715064153075271,15.349040703848004,16.792253831401474,-1.44321312755347,8.713407715782521,10.463295942172412,-1.7498882263898903,4.905473336577416,4.137642871588469,0.7678304649889469,0.679329700767994,0.5687783546745776,0.11055134609341644,1.0508299507200718,1.6225366629660134,-0.5717067122459416,2.37,1.58,0.79,-0.21614530406891674,ERE,2024-25,1.0212453562108912,1.0083904202260516,0.012854935984839621,0.42053561038611564,0.44616815201280763,-0.025632541626691974,0.4514423736425884,0.4938898185706316,-0.04244744492804324,0.25627669752301535,0.3077439982991886,-0.051467300776173244,0.1442786275463946,0.12169537857613145,0.022583248970263144,0.019980285316705707,0.016728775137487578,0.0032515101792181303,0.0309067632564727,0.04772166655782392,-0.016814903301351224,-0.006357214825556375
PEC Zwolle,34,30.187835693359375,44.41253901459277,-14.224703321233392,9.762590507045392,16.097983950749043,-6.335393443703651,9.993461919948462,18.521618096157916,-8.528156176209453,6.29549393244088,10.549514083191756,-4.254020150750876,2.9030394963920125,5.0492053665220755,-2.146165870130063,0.5640570782124996,0.49926450103521364,0.06479257717728598,0.2308714129030704,2.4236341454088683,-2.192762732505798,2.37,4.74,-2.37,-25.122859497442832,ERE,2024-25,0.8878775203929228,1.3062511474880225,-0.41837362709509973,0.2871350149130998,0.47347011619850127,-0.1863351012854015,0.2939253505867195,0.5447534734164092,-0.2508281228296898,0.18516158624826118,0.3102798259762281,-0.12511823972796696,0.08538351459976508,0.14850604019182576,-0.06312252559206068,0.016589914065073517,0.01468425003044746,0.0019056640346260584,0.006790335673619717,0.07128335721790789,-0.06449302154428817,-0.7389076322777304
PSV Eindhoven,34,73.78898737952113,26.118831688538197,47.67015569098294,14.942950848490002,6.1748435124754915,8.76810733601451,16.097113482654095,7.026414118707181,9.070699363946915,13.137970827519895,2.945363651961089,10.192607175558805,1.4031311459839346,2.4761747792363162,-1.0730436332523816,0.40184887498617194,0.7533050812780858,-0.3514562062919139,1.1541626341640947,0.8515706062316895,0.30259202793240525,3.16,1.58,1.58,58.32085505492986,ERE,2024-25,2.170264334691798,0.7682009320158293,1.4020634026759689,0.43949855436735297,0.18161304448457327,0.2578855098827797,0.47344451419570865,0.20665923878550532,0.26678527541020336,0.38641090669176165,0.08662834270473792,0.2997825639870237,0.04126856311717455,0.07282866997753872,-0.031560106860364166,0.011819084558416822,0.022156031802296642,-0.01033694724387982,0.03394595982835573,0.025046194300932044,0.008899765527423683,1.7153192663214665
RKC Waalwijk,34,37.329378807917244,50.96947114914656,-13.640092341229312,7.882728235796094,17.609116604551676,-9.726388368755583,8.668124517425893,19.456248091533784,-10.78812357410789,6.6776249054819345,12.968397749587897,-6.2907728441059625,0.6943587325513363,3.865914925932885,-3.171556193381549,0.5107445977628229,0.7748039290308951,-0.26405933126807224,0.7853962816298007,1.8471314869821072,-1.0617352053523064,2.37,6.32,-3.95,-28.378215915337194,ERE,2024-25,1.0979229061152131,1.4991020926219576,-0.4011791865067445,0.23184494811164982,0.5179151942515199,-0.2860702461398701,0.25494483874782037,0.5722425909274642,-0.31729775217964384,0.19640073251417456,0.38142346322317344,-0.18502273070899888,0.0204223156632746,0.11370338017449662,-0.09328106451122202,0.015021899934200673,0.022788350853849858,-0.0077664509196491835,0.023099890636170607,0.05432739667594433,-0.031227506039773718,-0.8346534092746234
SC Heerenveen,34,33.968156944960356,39.723391419276595,-5.755234474316239,11.947370860725643,12.909546403214335,-0.9621755424886924,14.00683103501797,14.395094575360417,-0.3882635403424466,9.174836322665216,8.651864191517234,0.5229721311479825,2.400675062090158,3.7982713356614113,-1.3975962735712533,0.3718594759702683,0.45941087603569036,-0.08755140006542206,2.059460174292327,1.4855481721460817,0.5739120021462452,4.74,3.16,1.58,-4.563498014658684,ERE,2024-25,0.9990634395576575,1.1683350417434293,-0.16927160218577175,0.35139326060957776,0.3796925412710099,-0.02829928066143213,0.41196561867699916,0.42338513456942406,-0.0114195158924249,0.26984812713721223,0.25446659386815396,0.015381533269058308,0.07060809006147524,0.11171386281357092,-0.04110577275209568,0.010937043410890244,0.01351208458928501,-0.0025750411783947665,0.06057235806742138,0.04369259329841417,0.01687976476900721,-0.13422052984290248
Sparta Rotterdam,34,38.49003227241337,33.939284620806575,4.550747651606798,8.733597926795483,12.846617264673117,-4.113019337877635,8.787610188126564,15.328157177194957,-6.5405469890683925,5.48260609060526,9.54959826357663,-4.0669921729713705,2.821718525141477,2.6597620174288754,0.16195650771260173,0.4292733110487462,0.637256983667612,-0.20798367261886574,0.0540122613310814,2.481539912521839,-2.4275276511907578,1.58,3.95,-2.37,-4.359799337461595,ERE,2024-25,1.1320597727180404,0.9982142535531345,0.13384551916490584,0.25687052725869064,0.3778416842550917,-0.12097115699640103,0.25845912318019304,0.4508281522704399,-0.19236902909024683,0.1612531203119194,0.28087053716401855,-0.11961741685209913,0.0829917213276905,0.07822829463026104,0.0047634266974294626,0.01262568561908077,0.018742852460812115,-0.0061171668417313455,0.001588595921502394,0.07298646801534821,-0.07139787209384582,-0.12822939227828223
Twente,34,38.89958862401545,33.11136321909726,5.788225404918194,14.866458583623174,12.70588700287044,2.160571580752734,16.371190611273057,14.5955068487674,1.7756837625056576,10.407753709703686,7.744132464751601,2.6636212449520844,3.8849485777318487,4.55528911948204,-0.6703405417501918,0.5737562961876392,0.406465418636799,0.1672908775508402,1.5047320276498797,1.8896198458969589,-0.3848878182470792,5.53,1.58,3.95,11.51390916742384,ERE,2024-25,1.1441055477651603,0.9738636240910958,0.17024192367406452,0.4372487818712698,0.3737025589079541,0.0635462229633157,0.4815056062139135,0.4292796131990412,0.05222599301487228,0.306110403226579,0.22776860190445886,0.07834180132212012,0.11426319346270143,0.13397909174947178,-0.019715898286770346,0.01687518518198939,0.0119548652540235,0.004920319927965888,0.04425682434264352,0.05557705429108702,-0.011320229948443505,0.3386443872771718
Willem II,34,20.001235904172063,41.42862957902253,-21.427393674850464,9.359947254881265,18.714987648651004,-9.35504039376974,9.98732358776033,20.862364439293746,-10.875040851533416,5.63693349994719,13.284384747967126,-7.6474512480199355,3.462498918175698,4.690713863819839,-1.2282149456441411,0.2605148367583751,0.7398890368640423,-0.47937420010566717,0.6273763328790662,2.1473767906427383,-1.520000457763672,2.37,4.74,-2.37,-34.67243452638389,ERE,2024-25,0.5882716442403548,1.2184891052653684,-0.6302174610250136,0.2752925663200372,0.5504408131956178,-0.2751482468755806,0.2937448114047156,0.6135989540968749,-0.3198541426921593,0.16579216176315265,0.39071719846962133,-0.22492503670646868,0.10183820347575583,0.13796217246528938,-0.036123968989533566,0.00766220108112868,0.021761442260707125,-0.014099241179578446,0.01845224508467842,0.06315814090125701,-0.04470589581657859,-1.0197774860701143
AZ Alkmaar,34,51.28191385418177,36.014512859806416,15.26740099437535,11.840412316843867,10.694795489311218,1.145616827532649,13.652847805991772,11.402286771684885,2.2505610343068874,9.156613929197194,7.145195845514536,2.011418083682658,2.228641740977763,3.015097137540578,-0.7864553965628152,0.455156646668911,0.5345025062561033,-0.07934585958719231,1.8124354891479022,0.707491282373667,1.1049442067742352,6.32,3.16,3.16,20.677962028682224,ERE,2025-26,1.5082915839465225,1.0592503782296006,0.4490412057169221,0.34824742108364315,0.31455280850915346,0.03369461257448968,0.4015543472350521,0.3353613756377907,0.0661929715972614,0.26931217438815275,0.21015281898572163,0.05915935540243112,0.06554828649934596,0.08867932757472288,-0.023131041075376918,0.01338696019614444,0.01572066194870892,-0.00233370175256448,0.05330692615140889,0.020808567128637264,0.03249835902277162,0.6081753537847713
Ajax,34,51.81019948422908,34.9494768679142,16.86072261631488,9.47325810417533,13.709623016417027,-4.236364912241697,9.596311684697866,15.92525137588382,-6.328939691185953,7.611400529742241,10.978041384369137,-3.3666408546268958,1.2660918012261393,2.2884073145687576,-1.0223155133426183,0.5957657732069492,0.4431743174791335,0.15259145572781574,0.1230535805225372,2.215628359466791,-2.092574778944254,0.79,3.95,-3.16,7.371782925128933,ERE,2025-26,1.523829396594973,1.0279257902327705,0.4959036063622024,0.27862523835809794,0.40322420636520667,-0.12459896800710875,0.28224446131464315,0.4683897463495241,-0.18614528503488098,0.2238647214630071,0.322883570128504,-0.09901884866549693,0.03723799415370998,0.0673060974873164,-0.03006810333360642,0.017522522741380858,0.013034538749386279,0.00448798399199458,0.003619222956545212,0.06516553998431739,-0.06154631702777218,0.2168171448567333
Excelsior,34,37.44500014744699,48.61822714097798,-11.173226993530989,9.483842572197318,12.757723342627289,-3.2738807704299706,13.373909315094352,13.80211111530662,-0.4282018002122676,6.412805320695045,8.536668471992018,-2.1238631512969723,2.559378430247306,3.8675642795860776,-1.3081858493387717,0.5116588212549686,0.35349059104919445,0.1581682302057742,3.8900667428970332,1.044387772679329,2.8456789702177043,3.95,3.95,0.0,-11.601428793743267,ERE,2025-26,1.1013235337484408,1.4299478570875876,-0.3286243233391467,0.2789365462410976,0.3752271571360967,-0.09629061089499913,0.3933502739733633,0.40594444456784173,-0.01259417059447846,0.18861192119691308,0.25107848447035347,-0.06246656327344036,0.0752758361837443,0.11375189057606111,-0.038476054392316814,0.015048788860440254,0.010396782089682189,0.004652006770758064,0.11441372773226569,0.03071728743174497,0.08369644030052072,-0.3412184939336255
FC Groningen,34,47.35844228975475,41.41900053061545,5.939441759139299,14.253508571535352,11.65752469189465,2.595983879640702,16.497649002820253,12.973800772801042,3.5238482300192118,9.658964481204752,8.160724902525544,1.4982395786792075,3.5062110312283044,3.204291678965091,0.30191935226321354,1.0883330591022968,0.2925081104040146,0.7958249486982822,2.2441404312849036,1.3162760809063907,0.9278643503785129,3.16,2.37,0.79,10.253289989158517,ERE,2025-26,1.392895361463375,1.2182058979592778,0.17468946350409703,0.4192208403392751,0.34286837329101916,0.07635246704825593,0.4852249706711839,0.38158237567061887,0.10364259500056505,0.28408719062366916,0.240021320662516,0.044065869961153165,0.10312385385965601,0.09424387291073796,0.008879980948918046,0.03200979585594991,0.008603179717765135,0.02340661613818477,0.06600413033190893,0.038714002379599724,0.0272901279523092,0.3015673526223093
FC Utrecht,34,43.970287987962365,39.252024088054895,4.71826389990747,14.567413141950967,8.356313668191433,6.211099473759534,16.705027287825942,8.913597125560045,7.791430162265897,8.689833035692574,5.2396904192864895,3.450142616406085,5.32105116173625,2.611200738698244,2.709850423038006,0.5565289445221423,0.5054225102066993,0.05110643431544304,2.1376141458749776,0.557283457368612,1.5803306885063657,0.79,2.37,-1.58,10.929694062173375,ERE,2025-26,1.2932437643518342,1.1544712967074968,0.13877246764433734,0.4284533277044402,0.2457739314173951,0.1826793962870451,0.4913243319948806,0.26216462134000135,0.2291597106548793,0.25558332457919336,0.15410854174372027,0.10147478283547308,0.15650150475694852,0.07680002172641895,0.07970148303052958,0.016368498368298304,0.014865367947255861,0.0015031304210424423,0.06287100429044051,0.016390689922606234,0.046480314367834286,0.32146159006392283
FC Volendam,34,31.21189241297543,51.08898092806339,-19.877088515087962,8.97415572218597,15.728851437568665,-6.754695715382695,9.213318461552266,17.22421243786812,-8.010893976315852,4.704414313659074,9.80244778841734,-5.098033474758266,3.653032630681992,5.195459179580212,-1.5424265488982196,0.6167087778449059,0.7309444695711136,-0.11423569172620773,0.23916273936629312,1.495361000299454,-1.2561982609331608,1.58,2.37,-0.79,-28.677982491403824,ERE,2025-26,0.917996835675748,1.5026170861195116,-0.5846202504437636,0.26394575653488145,0.46261327757554893,-0.1986675210406675,0.27097995475153724,0.5065944834667093,-0.23561452871517213,0.1383651268723257,0.2883072878946276,-0.14994216102230193,0.10744213619652918,0.15280762292882977,-0.04536548673230058,0.018138493466026643,0.021498366752091574,-0.0033598732860649332,0.00703419821665568,0.04398120589116041,-0.03694700767450473,-0.8434700732765831
Feyenoord,34,52.996465714648366,33.938093019649386,19.05837269499898,15.264989458024505,6.6121245361864585,8.652864921838047,17.489654354751114,7.653071783483028,9.836582571268085,11.196347471326591,4.093138098716737,7.103209372609855,3.698386605829001,2.2338949441909794,1.4644916616380215,0.37025538086891163,0.2850914932787417,0.0851638875901699,2.224664896726609,1.040947247296571,1.183717649430038,3.95,2.37,1.58,30.474955266267045,ERE,2025-26,1.558719579842599,0.998179206460276,0.5605403733823229,0.4489702781771913,0.1944742510643076,0.2544960271128837,0.5144015986691504,0.22509034657303026,0.28931125209612013,0.3293043373919586,0.12038641466813932,0.20891792272381926,0.10877607664202944,0.06570279247620528,0.04307328416582416,0.010889864143203283,0.008385043919962991,0.0025048202232402913,0.0654313204919591,0.030616095508722678,0.034815224983236415,0.8963222137137367
Fortuna Sittard,34,36.338590214028955,50.32436999864876,-13.985779784619808,12.956444280222057,15.634855981916193,-2.6784117016941362,13.716239308938384,18.851904656738043,-5.135665347799659,9.758367257192731,11.163780253380539,-1.405412996187808,2.9105505459010597,3.687677040696143,-0.7771264947950836,0.28752647712826723,0.7833986878395081,-0.4958722107112408,0.7597950287163261,3.2170486748218536,-2.4572536461055274,2.37,1.58,0.79,-18.331445132419475,ERE,2025-26,1.0687820651184987,1.4801285293720223,-0.4113464642535238,0.38107189059476637,0.4598487053504763,-0.07877681475570988,0.40341880320407014,0.5544677840217072,-0.151048980817637,0.28701080168213916,0.3283464780406041,-0.04133567635846494,0.0856044278206194,0.1084610894322395,-0.022856661611620106,0.00845666109200786,0.02304113787763259,-0.014584476785624731,0.022346912609303708,0.09461907867123098,-0.07227216606192728,-0.539160150953514
Go Ahead Eagles,34,36.85958725050092,54.74127081595361,-17.88168356545269,12.717982918024063,17.515047952532772,-4.797065034508709,13.441182628273964,19.428655266761783,-5.987472638487819,8.390735972672703,13.633817315101625,-5.243081342428923,4.049585837870835,3.4923038482666025,0.5572819896042329,0.277661107480526,0.38892678916454315,-0.11126568168401713,0.7231997102499012,1.9136073142290115,-1.1904076039791103,2.37,2.37,0.0,-23.869156203940506,ERE,2025-26,1.0841055073676742,1.6100373769398122,-0.5259318695721379,0.3740583211183548,0.5151484691921403,-0.14109014807378556,0.39532890083158717,0.5714310372576995,-0.17610213642611233,0.24678635213743244,0.4009946269147537,-0.15420827477732124,0.11910546581973046,0.10271481906666478,0.016390646753065674,0.008166503161191942,0.011439023210721858,-0.0032725200495299154,0.021270579713232388,0.05628256806555916,-0.03501198835232677,-0.7020340059982502
Heracles,34,29.104120923206214,52.04121569916606,-22.937094775959846,15.311566103249788,17.148943731561303,-1.8373776283115149,16.501915834844112,18.350497974082828,-1.8485821392387152,9.26504898071289,13.164267109706998,-3.8992181289941072,5.609979502856731,3.137007866054774,2.472971636801957,0.4365376196801662,0.8476687557995318,-0.41113113611936564,1.1903497315943243,1.201554242521525,-0.011204510927200761,2.37,7.11,-4.74,-29.52567691519856,ERE,2025-26,0.8560035565648887,1.530623991151943,-0.6746204345870543,0.4503401795073467,0.5043806979870972,-0.054040518479750436,0.48535046573070917,0.5397205286494949,-0.05437006291878574,0.27250144060920267,0.38718432675608816,-0.1146828861468855,0.16499939714284503,0.09226493723690513,0.07273445990593992,0.012839341755299006,0.02493143399410388,-0.012092092238804872,0.03501028622336248,0.0353398306623978,-0.00032954443903531654,-0.8684022622117223
NAC Breda,34,29.993205839768052,42.011101607233286,-12.017895767465234,14.372355410829192,10.65842961147428,3.7139257993549126,16.60143130086363,12.56759160757065,4.033839693292981,9.72679006867111,6.639290891587737,3.087499177083374,4.0163295455276975,3.5978795848786835,0.41844996064901396,0.6292357966303825,0.42125913500785805,0.20797666162252448,2.229075890034438,1.9091619960963722,0.3199138939380659,3.95,2.37,1.58,-6.404056074172253,ERE,2025-26,0.8821531129343545,1.2356206355068613,-0.35346752257250685,0.4227163356126233,0.31348322386689054,0.10923311174573272,0.48827739120187147,0.3696350472814897,0.11864234392038178,0.286082060843268,0.19527326151728638,0.09080879932598158,0.11812733957434404,0.10581998779054952,0.012307351783794529,0.018506935195011252,0.012389974559054648,0.006116960635956603,0.06556105558924818,0.05615182341459918,0.009409232174648997,-0.18835459041683097
NEC Nijmegen,34,55.56206405535341,38.90495254844427,16.65711150690914,11.870177453383803,14.433791495859625,-2.5636140424758214,13.120437765493989,15.991725537925962,-2.871287772431973,9.234074672684073,9.168311938643457,0.06576273404061617,2.115040332078934,4.670417856425048,-2.5553775243461136,0.5210624486207961,0.5950617007911205,-0.07399925217032444,1.2502603121101858,1.5579340420663352,-0.3076737299561494,4.74,3.95,0.79,14.575823734477169,ERE,2025-26,1.634178354569218,1.1442633102483608,0.48991504432085703,0.3491228662759942,0.42452327928998895,-0.07540041301399475,0.385895228396882,0.4703448687625283,-0.08444964036564627,0.27159043154953155,0.26965623348951345,0.0019341980600181225,0.062207068590556885,0.13736523107132492,-0.07515816248076805,0.015325366135905768,0.017501814729150605,-0.002176448593244836,0.036772362120887817,0.045821589472539274,-0.009049227351651453,0.4287006980728579
PEC Zwolle,34,33.14316411875188,54.52400484122336,-21.380840722471476,9.007982131093744,17.187561912462115,-8.179579781368371,10.615633189678196,18.93366009928286,-8.318026909604665,5.44134206324816,12.252784451469779,-6.811442388221619,3.074227582663298,4.184476599097251,-1.110249016433953,0.4924124851822853,0.7503008618950842,-0.25788837671279885,1.607651058584452,1.7460981868207457,-0.1384471282362938,0.0,2.37,-2.37,-32.068867632076135,ERE,2025-26,0.974798944669173,1.6036472012124516,-0.6288482565432787,0.2649406509145219,0.505516526837121,-0.24057587592259916,0.31222450557877046,0.5568723558612606,-0.24464785028249014,0.1600394724484753,0.3603760132785229,-0.20033654083004762,0.09041845831362641,0.12307284114991915,-0.03265438283629273,0.014482720152420156,0.022067672408678945,-0.00758495225625879,0.04728385466424859,0.05135582902413958,-0.004071974359890994,-0.9432019891787098
PSV Eindhoven,34,65.69893838465214,30.806303825229406,34.89263455942273,18.65808169171214,6.524286309257149,12.133795382454991,19.662272855639458,10.5741067212075,9.088166134431958,16.215158600360155,3.4315232802182427,12.783635320141912,2.295137871056796,2.4398259185254574,-0.14468804746866137,0.14778522029519078,0.6529371105134487,-0.5051518902182579,1.004191163927316,4.049820411950351,-3.045629248023035,3.16,3.16,0.0,43.98080069385469,ERE,2025-26,1.932321717195651,0.9060677595655707,1.0262539576300804,0.5487671085797688,0.19189077380168085,0.356876334778088,0.5783021428129252,0.3110031388590441,0.2672990039538811,0.4769164294223575,0.10092715530053654,0.3759892741218209,0.06750405503108224,0.07175958583898404,-0.004255530807901805,0.004346624126329141,0.019204032662160257,-0.014857408535831115,0.029535034233156354,0.11911236505736325,-0.08957733082420691,1.2935529615839614
SC Heerenveen,34,49.77808471955359,42.35366244986653,7.4244222696870565,12.11483941040933,12.656706932932138,-0.5418675225228089,12.883938727900386,13.701910361647606,-0.81797163374722,8.959680395200849,8.995005756616592,-0.03532536141574383,2.7357557825744148,3.148571167141199,-0.41281538456678435,0.4194032326340676,0.513130009174347,-0.09372677654027944,0.769099317491054,1.0452034287154672,-0.27610411122441325,3.16,2.37,0.79,7.396450635939836,ERE,2025-26,1.464061315280988,1.2456959544078392,0.21836536087314873,0.3563188061885097,0.37225608626270995,-0.015937280074200262,0.37893937435001135,0.40299736357787075,-0.024057989227859414,0.2635200116235544,0.2645589928416645,-0.0010389812181101127,0.08046340536983573,0.09260503432768233,-0.012141628957846599,0.012335389195119634,0.015092059093363148,-0.002756669898243513,0.022620568161501587,0.0307412773151608,-0.008120709153659214,0.21754266576293635
Sparta Rotterdam,34,37.18633109331131,47.48139336705208,-10.295062273740768,10.733489708974957,12.307453956454994,-1.5739642474800366,11.846377247944474,13.741144243627787,-1.8947669956833124,6.554298529401423,10.395676959306003,-3.84137842990458,3.5363646261394024,1.633722614496946,1.9026420116424565,0.6428265534341334,0.2780543826520443,0.3647721707820891,1.1128875389695168,1.4336902871727941,-0.32080274820327737,2.37,2.37,0.0,-12.189829269424074,ERE,2025-26,1.093715620391509,1.3965115696191788,-0.30279594922766967,0.3156908737933811,0.36198393989573513,-0.046293066102354015,0.348422860233661,0.4041513012831702,-0.05572844104950919,0.1927734861588654,0.3057552046854707,-0.1129817185266053,0.10401072429821771,0.048050665132263116,0.055960059165954604,0.018906663336298042,0.008178070078001302,0.01072859325829674,0.03273198644027991,0.04216736138743512,-0.009435374947155217,-0.35852439027717864
Telstar,34,40.45556190237403,54.88966064311565,-14.434098740741618,14.188041197136048,14.527453968301419,-0.33941277116537094,18.373213758692152,16.579129541292794,1.7940842173993587,9.903476705774667,9.62546208687127,0.27801461890339674,3.8527827598154554,4.602686874568462,-0.749904114753007,0.4317817315459251,0.2993050068616867,0.13247672468423838,4.185172561556103,2.051675572991371,2.1334969885647315,2.37,3.16,-0.79,-13.430014523342258,ERE,2025-26,1.1898694677168833,1.6144017836210485,-0.42453231590416524,0.41729532932753083,0.4272780578912182,-0.009982728563687381,0.5403886399615339,0.4876214570968469,0.05276718286468702,0.29127872664043136,0.2831018260844491,0.008176900555982258,0.11331713999457221,0.13537314336966066,-0.02205600337508844,0.012699462692527209,0.008803088437108433,0.0038963742554187757,0.12309331063400301,0.06034339920562856,0.06274991142837445,-0.39500042715712524
Twente,34,56.598769364878535,33.434368526563055,23.16440083831548,11.064674174413083,8.741726331412794,2.3229478430002892,13.840312222018834,10.517015360295774,3.32329686172306,8.93262997455895,7.386155348271133,1.5464746262878162,1.6225873753428455,1.0406505204737182,0.5819368548691273,0.5094568245112895,0.31492046266794205,0.19453636184334744,2.7756380476057507,1.7752890288829812,1.0003490187227695,6.32,2.37,3.95,30.437697700038555,ERE,2025-26,1.66466968720231,0.9833637801930311,0.6813059070092788,0.3254315933650907,0.25710959798272925,0.06832199538236144,0.4070680065299657,0.30932398118516985,0.09774402534479588,0.2627244110164397,0.2172398631844451,0.04548454783199459,0.04772315809831899,0.030607368249227006,0.01711578984909198,0.014984024250332044,0.009262366549057119,0.005721657701274925,0.08163641316487502,0.05221438320244062,0.0294220299624344,0.8952264029423105
